Name,Category,CategoryID,GO,Description,PARENT_GO,LogP,Enrichment,Z-score,#TotalGeneInLibrary,#GeneInGO,#GeneInHitList,#GeneInGOAndHitList,%InGO,STDV %InGO,GeneID,Hits,Log(q-value)
MyList,Reactome Gene Sets,6,R-MMU-6798695,Neutrophil degranulation,,-16,13,15,21160,506,62,19,31,5.9,11501|12796|13058|13586|13861|14134|14191|14289|16819|17002|17394|17395|18733|19074|20201|20202|67689|68891|78892,Adam8|Camp|Cybb|Ear1|Epx|Fcnb|Fgr|Fpr2|Lcn2|Ltf|Mmp8|Mmp9|Pirb|Prg2|S100a8|S100a9|Aldh3b1|Cd177|Crispld2,-11
MyList,Reactome Gene Sets,6,R-MMU-6799990,Metal sequestration by antimicrobial proteins,,-10,3.4e+02,37,21160,4,62,4,6.5,3.1,16819|17002|20201|20202,Lcn2|Ltf|S100a8|S100a9,-6.2
MyList,GO Biological Processes,19,GO:0006935,chemotaxis,19_GO:0040011 locomotion,-9.6,12,11,21160,338,62,12,19,5,11501|12768|12769|12771|13586|14289|15370|16842|17395|20201|20202|20305,Adam8|Ccr1|Ccr9|Ccr3|Ear1|Fpr2|Nr4a1|Lef1|Mmp9|S100a8|S100a9|Ccl6,-5.9
MyList,GO Biological Processes,19,GO:0042330,taxis,19_GO:0040011 locomotion,-9.6,12,11,21160,340,62,12,19,5,11501|12768|12769|12771|13586|14289|15370|16842|17395|20201|20202|20305,Adam8|Ccr1|Ccr9|Ccr3|Ear1|Fpr2|Nr4a1|Lef1|Mmp9|S100a8|S100a9|Ccl6,-5.9
MyList,GO Biological Processes,19,GO:0040011,locomotion,19_GO:0040011 locomotion,-9.1,11,11,21160,373,62,12,19,5,11501|12768|12769|12771|13586|14289|15370|16842|17395|20201|20202|20305,Adam8|Ccr1|Ccr9|Ccr3|Ear1|Fpr2|Nr4a1|Lef1|Mmp9|S100a8|S100a9|Ccl6,-5.6
MyList,GO Biological Processes,19,GO:0060326,cell chemotaxis,19_GO:0040011 locomotion,-9,15,12,21160,223,62,10,16,4.7,11501|12768|12769|12771|15370|16842|17395|20201|20202|20305,Adam8|Ccr1|Ccr9|Ccr3|Nr4a1|Lef1|Mmp9|S100a8|S100a9|Ccl6,-5.6
MyList,GO Biological Processes,19,GO:0006954,inflammatory response,19_GO:0050896 response to stimulus,-7.8,7.4,8.6,21160,599,62,13,21,5.2,11501|12768|12771|12796|13058|14289|14728|15370|20201|20202|20305|21825|27226,Adam8|Ccr1|Ccr3|Camp|Cybb|Fpr2|Lilrb4a|Nr4a1|S100a8|S100a9|Ccl6|Thbs1|Pla2g7,-4.5
MyList,GO Biological Processes,19,GO:1903555,regulation of tumor necrosis factor superfamily cytokine production,19_GO:0032501 multicellular organismal process,-6.9,13,9.7,21160,203,62,8,13,4.3,11501|13058|14728|17002|17394|21825|225884|246728,Adam8|Cybb|Lilrb4a|Ltf|Mmp8|Thbs1|Gstp3|Oas2,-3.7
MyList,GO Biological Processes,19,GO:0042742,defense response to bacterium,19_GO:0044419 biological process involved in interspecies interaction between organisms,-6.7,8.7,8.3,21160,393,62,10,16,4.7,12504|12796|13586|13861|14191|14289|16819|17002|19074|246728,Cd4|Camp|Ear1|Epx|Fgr|Fpr2|Lcn2|Ltf|Prg2|Oas2,-3.6
MyList,GO Biological Processes,19,GO:0032103,positive regulation of response to external stimulus,19_GO:0048518 positive regulation of biological process,-6.7,6.6,7.7,21160,621,62,12,19,5,11501|12487|12768|14134|14289|17002|17394|20201|20202|21825|27226|414084,Adam8|Cd28|Ccr1|Fcnb|Fpr2|Ltf|Mmp8|S100a8|S100a9|Thbs1|Pla2g7|Tnip3,-3.6
MyList,GO Biological Processes,19,GO:0097529,myeloid leukocyte migration,19_GO:0002376 immune system process,-6.6,16,10,21160,146,62,7,11,4,12768|12771|13861|17395|20201|20202|68891,Ccr1|Ccr3|Epx|Mmp9|S100a8|S100a9|Cd177,-3.6
MyList,Reactome Gene Sets,6,R-MMU-6803157,Antimicrobial peptides,,-6.6,23,11,21160,89,62,6,9.7,3.8,12504|12796|16819|17002|20201|20202,Cd4|Camp|Lcn2|Ltf|S100a8|S100a9,-3.6
MyList,GO Biological Processes,19,GO:0001819,positive regulation of cytokine production,19_GO:0048518 positive regulation of biological process,-6.3,6.9,7.5,21160,545,62,11,18,4.9,11501|12487|12796|13058|13861|14134|14191|17394|19074|21825|246728,Adam8|Cd28|Camp|Cybb|Epx|Fcnb|Fgr|Mmp8|Prg2|Thbs1|Oas2,-3.4
MyList,GO Biological Processes,19,GO:0050900,leukocyte migration,19_GO:0002376 immune system process,-6.2,11,8.5,21160,252,62,8,13,4.3,11501|12768|12771|13861|17395|20201|20202|68891,Adam8|Ccr1|Ccr3|Epx|Mmp9|S100a8|S100a9|Cd177,-3.3
MyList,GO Biological Processes,19,GO:0032714,negative regulation of interleukin-5 production,19_GO:0048519 negative regulation of biological process,-6.1,1.5e+02,21,21160,7,62,3,4.8,2.7,13861|14728|16842,Epx|Lilrb4a|Lef1,-3.2
MyList,GO Biological Processes,19,GO:0007159,leukocyte cell-cell adhesion,19_GO:0009987 cellular process,-5.9,27,11,21160,63,62,5,8.1,3.5,20201|20202|21825|68891|76905,S100a8|S100a9|Thbs1|Cd177|Lrg1,-3.1
MyList,GO Biological Processes,19,GO:0032680,regulation of tumor necrosis factor production,19_GO:0032501 multicellular organismal process,-5.7,12,8.4,21160,200,62,7,11,4,13058|14728|17002|17394|21825|225884|246728,Cybb|Lilrb4a|Ltf|Mmp8|Thbs1|Gstp3|Oas2,-2.9
MyList,GO Biological Processes,19,GO:0032673,regulation of interleukin-4 production,19_GO:0032501 multicellular organismal process,-5.5,40,12,21160,34,62,4,6.5,3.1,12487|13861|16842|19074,Cd28|Epx|Lef1|Prg2,-2.8
MyList,GO Biological Processes,19,GO:0030595,leukocyte chemotaxis,19_GO:0040011 locomotion,-5.4,14,8.6,21160,146,62,6,9.7,3.8,11501|12768|12771|17395|20201|20202,Adam8|Ccr1|Ccr3|Mmp9|S100a8|S100a9,-2.7
MyList,GO Biological Processes,19,GO:0045637,regulation of myeloid cell differentiation,19_GO:0002376 immune system process,-5.2,10,7.6,21160,236,62,7,11,4,11501|12504|12768|14728|16842|17002|20259,Adam8|Cd4|Ccr1|Lilrb4a|Lef1|Ltf|Scin,-2.6
MyList,GO Biological Processes,19,GO:0002761,regulation of myeloid leukocyte differentiation,19_GO:0002376 immune system process,-5.2,13,8.3,21160,154,62,6,9.7,3.8,11501|12504|12768|14728|16842|17002,Adam8|Cd4|Ccr1|Lilrb4a|Lef1|Ltf,-2.6
MyList,KEGG Pathway,24,mmu04657,IL-17 signaling pathway - Mus musculus (house mouse),,-5.1,18,9.1,21160,93,62,5,8.1,3.5,16819|17395|20201|20202|23939,Lcn2|Mmp9|S100a8|S100a9|Mapk7,-2.5
MyList,GO Biological Processes,19,GO:0070486,leukocyte aggregation,19_GO:0009987 cellular process,-5.1,73,15,21160,14,62,3,4.8,2.7,20201|20202|21825,S100a8|S100a9|Thbs1,-2.4
MyList,GO Biological Processes,19,GO:0031349,positive regulation of defense response,19_GO:0048518 positive regulation of biological process,-5,6.5,6.6,21160,473,62,9,15,4.5,11501|12487|14134|14289|17002|17394|20201|20202|414084,Adam8|Cd28|Fcnb|Fpr2|Ltf|Mmp8|S100a8|S100a9|Tnip3,-2.4
MyList,GO Biological Processes,19,GO:0019722,calcium-mediated signaling,19_GO:0050896 response to stimulus,-5,12,7.8,21160,171,62,6,9.7,3.8,12504|12768|12769|12771|14289|23939,Cd4|Ccr1|Ccr9|Ccr3|Fpr2|Mapk7,-2.4
MyList,GO Biological Processes,19,GO:0097530,granulocyte migration,19_GO:0002376 immune system process,-5,17,8.7,21160,100,62,5,8.1,3.5,12771|13861|20201|20202|68891,Ccr3|Epx|S100a8|S100a9|Cd177,-2.4
MyList,GO Biological Processes,19,GO:0030335,positive regulation of cell migration,19_GO:0040011 locomotion,-4.9,5.5,6.2,21160,621,62,10,16,4.7,11501|12768|14191|14289|16819|16842|17395|20305|21825|27226,Adam8|Ccr1|Fgr|Fpr2|Lcn2|Lef1|Mmp9|Ccl6|Thbs1|Pla2g7,-2.4
MyList,GO Biological Processes,19,GO:0002687,positive regulation of leukocyte migration,19_GO:0040011 locomotion,-4.8,11,7.6,21160,180,62,6,9.7,3.8,11501|12768|14289|17395|21825|27226,Adam8|Ccr1|Fpr2|Mmp9|Thbs1|Pla2g7,-2.3
MyList,GO Biological Processes,19,GO:0045088,regulation of innate immune response,19_GO:0044419 biological process involved in interspecies interaction between organisms,-4.8,6.1,6.3,21160,501,62,9,15,4.5,11501|12768|14134|14191|14289|17002|20201|20202|414084,Adam8|Ccr1|Fcnb|Fgr|Fpr2|Ltf|S100a8|S100a9|Tnip3,-2.3
MyList,GO Biological Processes,19,GO:0071677,positive regulation of mononuclear cell migration,19_GO:0040011 locomotion,-4.8,16,8.4,21160,107,62,5,8.1,3.5,11501|12768|14289|21825|27226,Adam8|Ccr1|Fpr2|Thbs1|Pla2g7,-2.3
MyList,GO Biological Processes,19,GO:0045766,positive regulation of angiogenesis,19_GO:0032502 developmental process,-4.8,11,7.5,21160,184,62,6,9.7,3.8,12771|12796|13058|17395|21825|76905,Ccr3|Camp|Cybb|Mmp9|Thbs1|Lrg1,-2.3
MyList,GO Biological Processes,19,GO:1904018,positive regulation of vasculature development,19_GO:0032502 developmental process,-4.7,11,7.4,21160,187,62,6,9.7,3.8,12771|12796|13058|17395|21825|76905,Ccr3|Camp|Cybb|Mmp9|Thbs1|Lrg1,-2.3
MyList,GO Biological Processes,19,GO:2000147,positive regulation of cell motility,19_GO:0040011 locomotion,-4.7,5.2,6,21160,651,62,10,16,4.7,11501|12768|14191|14289|16819|16842|17395|20305|21825|27226,Adam8|Ccr1|Fgr|Fpr2|Lcn2|Lef1|Mmp9|Ccl6|Thbs1|Pla2g7,-2.3
MyList,GO Biological Processes,19,GO:0022407,regulation of cell-cell adhesion,19_GO:0050789 regulation of biological process,-4.7,6,6.2,21160,516,62,9,15,4.5,11492|11501|11687|12487|12504|14728|16842|20971|23939,Adam19|Adam8|Alox15|Cd28|Cd4|Lilrb4a|Lef1|Sdc4|Mapk7,-2.3
MyList,GO Biological Processes,19,GO:0045785,positive regulation of cell adhesion,19_GO:0048518 positive regulation of biological process,-4.7,5.9,6.1,21160,523,62,9,15,4.5,11492|11501|11687|12487|12504|14728|16842|20971|21825,Adam19|Adam8|Alox15|Cd28|Cd4|Lilrb4a|Lef1|Sdc4|Thbs1,-2.2
MyList,GO Biological Processes,19,GO:0040017,positive regulation of locomotion,19_GO:0040011 locomotion,-4.6,5.1,5.9,21160,668,62,10,16,4.7,11501|12768|14191|14289|16819|16842|17395|20305|21825|27226,Adam8|Ccr1|Fgr|Fpr2|Lcn2|Lef1|Mmp9|Ccl6|Thbs1|Pla2g7,-2.2
MyList,GO Biological Processes,19,GO:0032674,regulation of interleukin-5 production,19_GO:0032501 multicellular organismal process,-4.5,49,12,21160,21,62,3,4.8,2.7,13861|14728|16842,Epx|Lilrb4a|Lef1,-2.1
MyList,GO Biological Processes,19,GO:1903557,positive regulation of tumor necrosis factor superfamily cytokine production,19_GO:0048518 positive regulation of biological process,-4.5,14,7.7,21160,124,62,5,8.1,3.5,11501|13058|17394|21825|246728,Adam8|Cybb|Mmp8|Thbs1|Oas2,-2.1
MyList,GO Biological Processes,19,GO:0019221,cytokine-mediated signaling pathway,19_GO:0050896 response to stimulus,-4.5,6.4,6.1,21160,428,62,8,13,4.3,12504|12768|12769|12771|18733|20305|23962|246728,Cd4|Ccr1|Ccr9|Ccr3|Pirb|Ccl6|Oasl2|Oas2,-2.1
MyList,GO Biological Processes,19,GO:0032693,negative regulation of interleukin-10 production,19_GO:0048519 negative regulation of biological process,-4.5,47,12,21160,22,62,3,4.8,2.7,13861|14728|19074,Epx|Lilrb4a|Prg2,-2.1
MyList,GO Biological Processes,19,GO:2000116,regulation of cysteine-type endopeptidase activity,19_GO:0050789 regulation of biological process,-4.4,9.7,6.9,21160,212,62,6,9.7,3.8,15370|17002|17395|20201|20202|21825,Nr4a1|Ltf|Mmp9|S100a8|S100a9|Thbs1,-2.1
MyList,GO Biological Processes,19,GO:0001818,negative regulation of cytokine production,19_GO:0048519 negative regulation of biological process,-4.4,7.5,6.3,21160,318,62,7,11,4,13861|14728|16842|17002|19074|21825|225884,Epx|Lilrb4a|Lef1|Ltf|Prg2|Thbs1|Gstp3,-2.1
MyList,GO Biological Processes,19,GO:0032653,regulation of interleukin-10 production,19_GO:0032501 multicellular organismal process,-4.4,21,8.8,21160,65,62,4,6.5,3.1,12487|13861|14728|19074,Cd28|Epx|Lilrb4a|Prg2,-2.1
MyList,GO Biological Processes,19,GO:0045765,regulation of angiogenesis,19_GO:0032502 developmental process,-4.4,7.5,6.3,21160,320,62,7,11,4,12771|12796|13058|17395|21825|23939|76905,Ccr3|Camp|Cybb|Mmp9|Thbs1|Mapk7|Lrg1,-2.1
MyList,GO Biological Processes,19,GO:0002683,negative regulation of immune system process,19_GO:0002376 immune system process,-4.4,5.4,5.7,21160,574,62,9,15,4.5,11687|12768|13861|14191|14728|17002|19074|20971|21825,Alox15|Ccr1|Epx|Fgr|Lilrb4a|Ltf|Prg2|Sdc4|Thbs1,-2.1
MyList,Reactome Gene Sets,6,R-MMU-5668599,RHO GTPases Activate NADPH Oxidases,,-4.3,43,11,21160,24,62,3,4.8,2.7,13058|20201|20202,Cybb|S100a8|S100a9,-2
MyList,GO Biological Processes,19,GO:1901342,regulation of vasculature development,19_GO:0032502 developmental process,-4.3,7.3,6.2,21160,327,62,7,11,4,12771|12796|13058|17395|21825|23939|76905,Ccr3|Camp|Cybb|Mmp9|Thbs1|Mapk7|Lrg1,-2
MyList,GO Biological Processes,19,GO:0070098,chemokine-mediated signaling pathway,19_GO:0050896 response to stimulus,-4.3,20,8.5,21160,68,62,4,6.5,3.1,12768|12769|12771|20305,Ccr1|Ccr9|Ccr3|Ccl6,-2
MyList,GO Biological Processes,19,GO:0022409,positive regulation of cell-cell adhesion,19_GO:0048518 positive regulation of biological process,-4.3,7.2,6.1,21160,334,62,7,11,4,11492|11501|11687|12487|12504|14728|16842,Adam19|Adam8|Alox15|Cd28|Cd4|Lilrb4a|Lef1,-2
MyList,GO Biological Processes,19,GO:1903706,regulation of hemopoiesis,19_GO:0002376 immune system process,-4.3,5.9,5.8,21160,459,62,8,13,4.3,11501|12487|12504|12768|14728|16842|17002|20259,Adam8|Cd28|Cd4|Ccr1|Lilrb4a|Lef1|Ltf|Scin,-2
MyList,GO Biological Processes,19,GO:0002831,regulation of response to biotic stimulus,19_GO:0050896 response to stimulus,-4.2,5.1,5.5,21160,603,62,9,15,4.5,11501|12768|14134|14191|14289|17002|20201|20202|414084,Adam8|Ccr1|Fcnb|Fgr|Fpr2|Ltf|S100a8|S100a9|Tnip3,-1.9
MyList,GO Biological Processes,19,GO:0098869,cellular oxidant detoxification,19_GO:0098754 detoxification,-4.2,19,8.2,21160,73,62,4,6.5,3.1,13861|14871|20201|20202,Epx|Gstt1|S100a8|S100a9,-1.9
MyList,GO Biological Processes,19,GO:0032753,positive regulation of interleukin-4 production,19_GO:0048518 positive regulation of biological process,-4.2,38,10,21160,27,62,3,4.8,2.7,12487|13861|19074,Cd28|Epx|Prg2,-1.9
MyList,GO Biological Processes,19,GO:0090026,positive regulation of monocyte chemotaxis,19_GO:0040011 locomotion,-4.2,38,10,21160,27,62,3,4.8,2.7,12768|14289|27226,Ccr1|Fpr2|Pla2g7,-1.9
MyList,GO Biological Processes,19,GO:0002694,regulation of leukocyte activation,19_GO:0002376 immune system process,-4.2,5,5.5,21160,610,62,9,15,4.5,11501|12487|12504|14191|14728|16842|17394|20971|21825,Adam8|Cd28|Cd4|Fgr|Lilrb4a|Lef1|Mmp8|Sdc4|Thbs1,-1.9
MyList,KEGG Pathway,24,mmu05418,Fluid shear stress and atherosclerosis - Mus musculus (house mouse),,-4.1,12,7,21160,148,62,5,8.1,3.5,14871|17395|20971|23939|225884,Gstt1|Mmp9|Sdc4|Mapk7|Gstp3,-1.9
MyList,GO Biological Processes,19,GO:0002523,leukocyte migration involved in inflammatory response,19_GO:0002376 immune system process,-4.1,37,10,21160,28,62,3,4.8,2.7,11501|20201|20202,Adam8|S100a8|S100a9,-1.9
MyList,GO Biological Processes,19,GO:0002697,regulation of immune effector process,19_GO:0002376 immune system process,-4.1,5.6,5.6,21160,485,62,8,13,4.3,12487|13861|14134|14191|14728|19074|20202|68891,Cd28|Epx|Fcnb|Fgr|Lilrb4a|Prg2|S100a9|Cd177,-1.8
MyList,GO Biological Processes,19,GO:1990868,response to chemokine,19_GO:0050896 response to stimulus,-4.1,17,7.9,21160,79,62,4,6.5,3.1,12768|12769|12771|20305,Ccr1|Ccr9|Ccr3|Ccl6,-1.8
MyList,GO Biological Processes,19,GO:1990869,cellular response to chemokine,19_GO:0050896 response to stimulus,-4.1,17,7.9,21160,79,62,4,6.5,3.1,12768|12769|12771|20305,Ccr1|Ccr9|Ccr3|Ccl6,-1.8
MyList,GO Biological Processes,19,GO:0098609,cell-cell adhesion,19_GO:0009987 cellular process,-4.1,5.6,5.6,21160,488,62,8,13,4.3,11501|14735|16842|20201|20202|21825|68891|76905,Adam8|Gpc4|Lef1|S100a8|S100a9|Thbs1|Cd177|Lrg1,-1.8
MyList,GO Biological Processes,19,GO:0071675,regulation of mononuclear cell migration,19_GO:0040011 locomotion,-4,11,6.8,21160,155,62,5,8.1,3.5,11501|12768|14289|21825|27226,Adam8|Ccr1|Fpr2|Thbs1|Pla2g7,-1.8
MyList,GO Biological Processes,19,GO:0050729,positive regulation of inflammatory response,19_GO:0048518 positive regulation of biological process,-4,11,6.8,21160,155,62,5,8.1,3.5,11501|12487|17394|20201|20202,Adam8|Cd28|Mmp8|S100a8|S100a9,-1.8
MyList,WikiPathways,27,WP458,Inflammatory response pathway,,-4,34,9.8,21160,30,62,3,4.8,2.7,12487|12843|21825,Cd28|Col1a2|Thbs1,-1.8
MyList,GO Biological Processes,19,GO:2000379,positive regulation of reactive oxygen species metabolic process,19_GO:0048518 positive regulation of biological process,-4,17,7.7,21160,82,62,4,6.5,3.1,14289|16819|21825|68891,Fpr2|Lcn2|Thbs1|Cd177,-1.8
MyList,GO Biological Processes,19,GO:1903900,regulation of viral life cycle,19_GO:0016032 viral process,-4,11,6.7,21160,158,62,5,8.1,3.5,12504|14134|17002|23962|246728,Cd4|Fcnb|Ltf|Oasl2|Oas2,-1.8
MyList,GO Biological Processes,19,GO:0002685,regulation of leukocyte migration,19_GO:0040011 locomotion,-4,8,6.1,21160,257,62,6,9.7,3.8,11501|12768|14289|17395|21825|27226,Adam8|Ccr1|Fpr2|Mmp9|Thbs1|Pla2g7,-1.8
MyList,GO Biological Processes,19,GO:1902105,regulation of leukocyte differentiation,19_GO:0002376 immune system process,-4,6.4,5.7,21160,373,62,7,11,4,11501|12487|12504|12768|14728|16842|17002,Adam8|Cd28|Cd4|Ccr1|Lilrb4a|Lef1|Ltf,-1.8
MyList,GO Biological Processes,19,GO:0043542,endothelial cell migration,19_GO:0009987 cellular process,-4,16,7.6,21160,84,62,4,6.5,3.1,11501|15370|20201|20202,Adam8|Nr4a1|S100a8|S100a9,-1.8
MyList,GO Biological Processes,19,GO:0002696,positive regulation of leukocyte activation,19_GO:0002376 immune system process,-3.9,6.3,5.7,21160,377,62,7,11,4,11501|12487|12504|14728|16842|17394|21825,Adam8|Cd28|Cd4|Lilrb4a|Lef1|Mmp8|Thbs1,-1.8
MyList,Reactome Gene Sets,6,R-MMU-1474244,Extracellular matrix organization,,-3.9,7.8,6,21160,262,62,6,9.7,3.8,11492|11501|12843|17394|17395|20971,Adam19|Adam8|Col1a2|Mmp8|Mmp9|Sdc4,-1.8
MyList,GO Biological Processes,19,GO:2000117,negative regulation of cysteine-type endopeptidase activity,19_GO:0048519 negative regulation of biological process,-3.9,16,7.5,21160,86,62,4,6.5,3.1,15370|17002|17395|21825,Nr4a1|Ltf|Mmp9|Thbs1,-1.8
MyList,GO Biological Processes,19,GO:0043065,positive regulation of apoptotic process,19_GO:0048518 positive regulation of biological process,-3.9,4.7,5.2,21160,660,62,9,15,4.5,11501|15370|16819|17395|19017|20201|20202|20259|21825,Adam8|Nr4a1|Lcn2|Mmp9|Ppargc1a|S100a8|S100a9|Scin|Thbs1,-1.7
MyList,GO Biological Processes,19,GO:0050865,regulation of cell activation,19_GO:0032501 multicellular organismal process,-3.9,4.6,5.1,21160,666,62,9,15,4.5,11501|12487|12504|14191|14728|16842|17394|20971|21825,Adam8|Cd28|Cd4|Fgr|Lilrb4a|Lef1|Mmp8|Sdc4|Thbs1,-1.7
MyList,GO Biological Processes,19,GO:0002719,negative regulation of cytokine production involved in immune response,19_GO:0002376 immune system process,-3.8,29,9.1,21160,35,62,3,4.8,2.7,13861|14728|19074,Epx|Lilrb4a|Prg2,-1.7
MyList,GO Biological Processes,19,GO:0043277,apoptotic cell clearance,19_GO:0051179 localization,-3.8,29,9.1,21160,35,62,3,4.8,2.7,11687|14134|21825,Alox15|Fcnb|Thbs1,-1.7
MyList,GO Biological Processes,19,GO:0090025,regulation of monocyte chemotaxis,19_GO:0040011 locomotion,-3.8,29,9.1,21160,35,62,3,4.8,2.7,12768|14289|27226,Ccr1|Fpr2|Pla2g7,-1.7
MyList,GO Biological Processes,19,GO:0043068,positive regulation of programmed cell death,19_GO:0048518 positive regulation of biological process,-3.8,4.5,5.1,21160,678,62,9,15,4.5,11501|15370|16819|17395|19017|20201|20202|20259|21825,Adam8|Nr4a1|Lcn2|Mmp9|Ppargc1a|S100a8|S100a9|Scin|Thbs1,-1.7
MyList,WikiPathways,27,WP4466,Oxidative stress and redox pathway,,-3.8,15,7.2,21160,92,62,4,6.5,3.1,13058|14871|20201|20202,Cybb|Gstt1|S100a8|S100a9,-1.7
MyList,GO Biological Processes,19,GO:0045670,regulation of osteoclast differentiation,19_GO:0002376 immune system process,-3.8,15,7.2,21160,93,62,4,6.5,3.1,11501|12768|14728|17002,Adam8|Ccr1|Lilrb4a|Ltf,-1.7
MyList,GO Biological Processes,19,GO:0050867,positive regulation of cell activation,19_GO:0048518 positive regulation of biological process,-3.8,6,5.4,21160,401,62,7,11,4,11501|12487|12504|14728|16842|17394|21825,Adam8|Cd28|Cd4|Lilrb4a|Lef1|Mmp8|Thbs1,-1.6
MyList,KEGG Pathway,24,mmu04061,Viral protein interaction with cytokine and cytokine receptor - Mus musculus (house mouse),,-3.8,14,7.1,21160,95,62,4,6.5,3.1,12768|12769|12771|20305,Ccr1|Ccr9|Ccr3|Ccl6,-1.6
MyList,WikiPathways,27,WP2292,Chemokine signaling pathway,,-3.8,9.6,6.2,21160,178,62,5,8.1,3.5,12768|12769|12771|14191|20305,Ccr1|Ccr9|Ccr3|Fgr|Ccl6,-1.6
MyList,GO Biological Processes,19,GO:0050727,regulation of inflammatory response,19_GO:0050896 response to stimulus,-3.7,5.9,5.4,21160,407,62,7,11,4,11501|11687|12487|14289|17394|20201|20202,Adam8|Alox15|Cd28|Fpr2|Mmp8|S100a8|S100a9,-1.6
MyList,GO Biological Processes,19,GO:0052548,regulation of endopeptidase activity,19_GO:0050789 regulation of biological process,-3.7,7.1,5.6,21160,290,62,6,9.7,3.8,15370|17002|17395|20201|20202|21825,Nr4a1|Ltf|Mmp9|S100a8|S100a9|Thbs1,-1.6
MyList,GO Biological Processes,19,GO:0042060,wound healing,19_GO:0050896 response to stimulus,-3.7,7.1,5.6,21160,290,62,6,9.7,3.8,11687|13518|14728|19124|20971|76905,Alox15|Dst|Lilrb4a|Procr|Sdc4|Lrg1,-1.6
MyList,GO Biological Processes,19,GO:1990748,cellular detoxification,19_GO:0098754 detoxification,-3.7,14,6.9,21160,100,62,4,6.5,3.1,13861|14871|20201|20202,Epx|Gstt1|S100a8|S100a9,-1.6
MyList,GO Biological Processes,19,GO:0050792,regulation of viral process,19_GO:0016032 viral process,-3.6,9,6,21160,189,62,5,8.1,3.5,12504|14134|17002|23962|246728,Cd4|Fcnb|Ltf|Oasl2|Oas2,-1.5
MyList,KEGG Pathway,24,mmu04062,Chemokine signaling pathway - Mus musculus (house mouse),,-3.6,8.8,5.9,21160,193,62,5,8.1,3.5,12768|12769|12771|14191|20305,Ccr1|Ccr9|Ccr3|Fgr|Ccl6,-1.5
MyList,GO Biological Processes,19,GO:0007204,positive regulation of cytosolic calcium ion concentration,19_GO:0065007 biological regulation,-3.6,8.7,5.9,21160,197,62,5,8.1,3.5,12504|12768|12769|12771|14289,Cd4|Ccr1|Ccr9|Ccr3|Fpr2,-1.5
MyList,Reactome Gene Sets,6,R-MMU-202733,Cell surface interactions at the vascular wall,,-3.5,13,6.6,21160,108,62,4,6.5,3.1,12843|19124|20971|68891,Col1a2|Procr|Sdc4|Cd177,-1.5
MyList,GO Biological Processes,19,GO:0002701,negative regulation of production of molecular mediator of immune response,19_GO:0002376 immune system process,-3.5,22,7.8,21160,46,62,3,4.8,2.7,13861|14728|19074,Epx|Lilrb4a|Prg2,-1.4
MyList,GO Biological Processes,19,GO:0052547,regulation of peptidase activity,19_GO:0050789 regulation of biological process,-3.5,6.4,5.3,21160,319,62,6,9.7,3.8,15370|17002|17395|20201|20202|21825,Nr4a1|Ltf|Mmp9|S100a8|S100a9|Thbs1,-1.4
MyList,GO Biological Processes,19,GO:0097237,cellular response to toxic substance,19_GO:0050896 response to stimulus,-3.5,12,6.4,21160,114,62,4,6.5,3.1,13861|14871|20201|20202,Epx|Gstt1|S100a8|S100a9,-1.4
MyList,GO Biological Processes,19,GO:0048525,negative regulation of viral process,19_GO:0016032 viral process,-3.4,12,6.3,21160,115,62,4,6.5,3.1,14134|17002|23962|246728,Fcnb|Ltf|Oasl2|Oas2,-1.4
MyList,GO Biological Processes,19,GO:0002690,positive regulation of leukocyte chemotaxis,19_GO:0040011 locomotion,-3.4,12,6.3,21160,115,62,4,6.5,3.1,12768|14289|21825|27226,Ccr1|Fpr2|Thbs1|Pla2g7,-1.4
MyList,GO Biological Processes,19,GO:0045639,positive regulation of myeloid cell differentiation,19_GO:0002376 immune system process,-3.4,11,6.2,21160,119,62,4,6.5,3.1,12504|12768|16842|20259,Cd4|Ccr1|Lef1|Scin,-1.4
MyList,GO Biological Processes,19,GO:0050764,regulation of phagocytosis,19_GO:0051179 localization,-3.4,11,6.2,21160,119,62,4,6.5,3.1,11687|14134|14191|14289,Alox15|Fcnb|Fgr|Fpr2,-1.4
MyList,GO Biological Processes,19,GO:0001816,cytokine production,19_GO:0032501 multicellular organismal process,-3.4,7.9,5.5,21160,215,62,5,8.1,3.5,12487|12504|13861|14728|19074,Cd28|Cd4|Epx|Lilrb4a|Prg2,-1.3
MyList,Reactome Gene Sets,6,R-MMU-1442490,Collagen degradation,,-3.4,20,7.5,21160,50,62,3,4.8,2.7,12843|17394|17395,Col1a2|Mmp8|Mmp9,-1.3
MyList,GO Biological Processes,19,GO:0002764,immune response-regulating signaling pathway,19_GO:0002376 immune system process,-3.4,6.1,5.1,21160,336,62,6,9.7,3.8,12487|14134|14289|14728|18733|414084,Cd28|Fcnb|Fpr2|Lilrb4a|Pirb|Tnip3,-1.3
MyList,GO Biological Processes,19,GO:0098754,detoxification,19_GO:0098754 detoxification,-3.3,11,6.1,21160,122,62,4,6.5,3.1,13861|14871|20201|20202,Epx|Gstt1|S100a8|S100a9,-1.3
MyList,GO Biological Processes,19,GO:0032760,positive regulation of tumor necrosis factor production,19_GO:0048518 positive regulation of biological process,-3.3,11,6.1,21160,122,62,4,6.5,3.1,13058|17394|21825|246728,Cybb|Mmp8|Thbs1|Oas2,-1.3
MyList,GO Biological Processes,19,GO:1903708,positive regulation of hemopoiesis,19_GO:0002376 immune system process,-3.3,7.7,5.4,21160,221,62,5,8.1,3.5,11501|12504|12768|14728|16842,Adam8|Cd4|Ccr1|Lilrb4a|Lef1,-1.3
MyList,GO Biological Processes,19,GO:1902107,positive regulation of leukocyte differentiation,19_GO:0002376 immune system process,-3.3,7.7,5.4,21160,221,62,5,8.1,3.5,11501|12504|12768|14728|16842,Adam8|Cd4|Ccr1|Lilrb4a|Lef1,-1.3
MyList,Reactome Gene Sets,6,R-MMU-1474228,Degradation of the extracellular matrix,,-3.3,11,6.1,21160,124,62,4,6.5,3.1,11501|12843|17394|17395,Adam8|Col1a2|Mmp8|Mmp9,-1.3
MyList,GO Biological Processes,19,GO:0010718,positive regulation of epithelial to mesenchymal transition,19_GO:0032502 developmental process,-3.2,18,7,21160,56,62,3,4.8,2.7,11501|16842|76905,Adam8|Lef1|Lrg1,-1.2
MyList,GO Biological Processes,19,GO:0009636,response to toxic substance,19_GO:0050896 response to stimulus,-3.2,7.3,5.2,21160,234,62,5,8.1,3.5,13861|14871|16819|20201|20202,Epx|Gstt1|Lcn2|S100a8|S100a9,-1.2
MyList,GO Biological Processes,19,GO:0034599,cellular response to oxidative stress,19_GO:0050896 response to stimulus,-3.2,7.3,5.2,21160,235,62,5,8.1,3.5,16819|17395|19017|23939|67689,Lcn2|Mmp9|Ppargc1a|Mapk7|Aldh3b1,-1.2
MyList,GO Biological Processes,19,GO:0002768,immune response-regulating cell surface receptor signaling pathway,19_GO:0002376 immune system process,-3.2,7.2,5.2,21160,237,62,5,8.1,3.5,12487|14134|14289|14728|414084,Cd28|Fcnb|Fpr2|Lilrb4a|Tnip3,-1.2
MyList,GO Biological Processes,19,GO:0002688,regulation of leukocyte chemotaxis,19_GO:0040011 locomotion,-3.1,9.5,5.6,21160,143,62,4,6.5,3.1,12768|14289|21825|27226,Ccr1|Fpr2|Thbs1|Pla2g7,-1.1
MyList,GO Biological Processes,19,GO:0002040,sprouting angiogenesis,19_GO:0032502 developmental process,-3.1,16,6.6,21160,63,62,3,4.8,2.7,15370|16842|21825,Nr4a1|Lef1|Thbs1,-1.1
MyList,GO Biological Processes,19,GO:0010951,negative regulation of endopeptidase activity,19_GO:0048519 negative regulation of biological process,-3.1,9.5,5.5,21160,144,62,4,6.5,3.1,15370|17002|17395|21825,Nr4a1|Ltf|Mmp9|Thbs1,-1.1
MyList,GO Biological Processes,19,GO:0050870,positive regulation of T cell activation,19_GO:0002376 immune system process,-3.1,6.7,5,21160,253,62,5,8.1,3.5,11501|12487|12504|14728|16842,Adam8|Cd28|Cd4|Lilrb4a|Lef1,-1.1
MyList,GO Biological Processes,19,GO:0032963,collagen metabolic process,19_GO:0009987 cellular process,-3.1,16,6.5,21160,64,62,3,4.8,2.7,12843|17394|17395,Col1a2|Mmp8|Mmp9,-1.1
MyList,GO Biological Processes,19,GO:0045071,negative regulation of viral genome replication,19_GO:0016032 viral process,-3.1,16,6.5,21160,64,62,3,4.8,2.7,17002|23962|246728,Ltf|Oasl2|Oas2,-1.1
MyList,GO Biological Processes,19,GO:0043903,regulation of biological process involved in symbiotic interaction,19_GO:0044419 biological process involved in interspecies interaction between organisms,-3.1,16,6.5,21160,64,62,3,4.8,2.7,12504|14134|17002,Cd4|Fcnb|Ltf,-1.1
MyList,GO Biological Processes,19,GO:0051249,regulation of lymphocyte activation,19_GO:0002376 immune system process,-3.1,4.5,4.4,21160,530,62,7,11,4,11501|12487|12504|14191|14728|16842|20971,Adam8|Cd28|Cd4|Fgr|Lilrb4a|Lef1|Sdc4,-1.1
MyList,GO Biological Processes,19,GO:1903037,regulation of leukocyte cell-cell adhesion,19_GO:0050789 regulation of biological process,-3,5.3,4.6,21160,387,62,6,9.7,3.8,11501|12487|12504|14728|16842|20971,Adam8|Cd28|Cd4|Lilrb4a|Lef1|Sdc4,-1.1
MyList,GO Biological Processes,19,GO:0030036,actin cytoskeleton organization,19_GO:0009987 cellular process,-3,4.5,4.4,21160,535,62,7,11,4,13821|13823|17910|20202|20259|21916|208943,Epb41l1|Epb41l3|Myo15a|S100a9|Scin|Tmod1|Myo5c,-1.1
MyList,GO Biological Processes,19,GO:0050863,regulation of T cell activation,19_GO:0002376 immune system process,-3,5.2,4.6,21160,391,62,6,9.7,3.8,11501|12487|12504|14728|16842|20971,Adam8|Cd28|Cd4|Lilrb4a|Lef1|Sdc4,-1.1
MyList,GO Biological Processes,19,GO:0061844,antimicrobial humoral immune response mediated by antimicrobial peptide,19_GO:0044419 biological process involved in interspecies interaction between organisms,-3,9,5.4,21160,152,62,4,6.5,3.1,12796|17002|20202|20305,Camp|Ltf|S100a9|Ccl6,-1
MyList,GO Biological Processes,19,GO:0001936,regulation of endothelial cell proliferation,19_GO:0050789 regulation of biological process,-3,8.9,5.3,21160,154,62,4,6.5,3.1,12771|15370|21825|76905,Ccr3|Nr4a1|Thbs1|Lrg1,-1
MyList,GO Biological Processes,19,GO:0002227,innate immune response in mucosa,19_GO:0044419 biological process involved in interspecies interaction between organisms,-3,15,6.2,21160,69,62,3,4.8,2.7,12796|13586|17002,Camp|Ear1|Ltf,-1
MyList,GO Biological Processes,19,GO:0006979,response to oxidative stress,19_GO:0050896 response to stimulus,-2.9,5.1,4.5,21160,402,62,6,9.7,3.8,13861|16819|17395|19017|23939|67689,Epx|Lcn2|Mmp9|Ppargc1a|Mapk7|Aldh3b1,-1
MyList,Reactome Gene Sets,6,R-MMU-418594,G alpha (i) signalling events,,-2.9,6.3,4.8,21160,269,62,5,8.1,3.5,12768|12769|12771|14289|20305,Ccr1|Ccr9|Ccr3|Fpr2|Ccl6,-1
MyList,GO Biological Processes,19,GO:0050778,positive regulation of immune response,19_GO:0002376 immune system process,-2.9,3.8,4.1,21160,721,62,8,13,4.3,11501|12487|12504|14134|14289|17002|68891|414084,Adam8|Cd28|Cd4|Fcnb|Fpr2|Ltf|Cd177|Tnip3,-1
MyList,WikiPathways,27,WP234,GPCRs peptide,,-2.9,14,6.1,21160,71,62,3,4.8,2.7,12768|12769|12771,Ccr1|Ccr9|Ccr3,-1
MyList,KEGG Pathway,24,mmu00982,Drug metabolism - cytochrome P450 - Mus musculus (house mouse),,-2.9,14,6.1,21160,72,62,3,4.8,2.7,14871|67689|225884,Gstt1|Aldh3b1|Gstp3,-0.98
MyList,GO Biological Processes,19,GO:0010466,negative regulation of peptidase activity,19_GO:0048519 negative regulation of biological process,-2.9,8.5,5.2,21160,161,62,4,6.5,3.1,15370|17002|17395|21825,Nr4a1|Ltf|Mmp9|Thbs1,-0.97
MyList,GO Biological Processes,19,GO:1903556,negative regulation of tumor necrosis factor superfamily cytokine production,19_GO:0048519 negative regulation of biological process,-2.9,14,6,21160,73,62,3,4.8,2.7,14728|17002|225884,Lilrb4a|Ltf|Gstp3,-0.97
MyList,GO Biological Processes,19,GO:0030282,bone mineralization,19_GO:0032502 developmental process,-2.9,14,6,21160,73,62,3,4.8,2.7,11687|12843|14191,Alox15|Col1a2|Fgr,-0.97
MyList,GO Biological Processes,19,GO:2000377,regulation of reactive oxygen species metabolic process,19_GO:0050789 regulation of biological process,-2.9,8.4,5.1,21160,162,62,4,6.5,3.1,14289|16819|21825|68891,Fpr2|Lcn2|Thbs1|Cd177,-0.97
MyList,GO Biological Processes,19,GO:1903039,positive regulation of leukocyte cell-cell adhesion,19_GO:0048518 positive regulation of biological process,-2.9,6.1,4.7,21160,279,62,5,8.1,3.5,11501|12487|12504|14728|16842,Adam8|Cd28|Cd4|Lilrb4a|Lef1,-0.96
MyList,GO Biological Processes,19,GO:1990266,neutrophil migration,19_GO:0002376 immune system process,-2.9,14,5.9,21160,75,62,3,4.8,2.7,20201|20202|68891,S100a8|S100a9|Cd177,-0.95
MyList,GO Biological Processes,19,GO:0050818,regulation of coagulation,19_GO:0032501 multicellular organismal process,-2.9,14,5.9,21160,75,62,3,4.8,2.7,19124|20202|21825,Procr|S100a9|Thbs1,-0.95
MyList,KEGG Pathway,24,mmu00980,Metabolism of xenobiotics by cytochrome P450 - Mus musculus (house mouse),,-2.8,13,5.9,21160,76,62,3,4.8,2.7,14871|67689|225884,Gstt1|Aldh3b1|Gstp3,-0.94
MyList,GO Biological Processes,19,GO:0043408,regulation of MAPK cascade,19_GO:0050896 response to stimulus,-2.8,3.6,4,21160,752,62,8,13,4.3,11501|11687|12504|12768|14289|14728|21825|225884,Adam8|Alox15|Cd4|Ccr1|Fpr2|Lilrb4a|Thbs1|Gstp3,-0.92
MyList,GO Biological Processes,19,GO:0002763,positive regulation of myeloid leukocyte differentiation,19_GO:0002376 immune system process,-2.8,13,5.8,21160,78,62,3,4.8,2.7,12504|12768|16842,Cd4|Ccr1|Lef1,-0.91
MyList,GO Biological Processes,19,GO:0050921,positive regulation of chemotaxis,19_GO:0040011 locomotion,-2.8,8,5,21160,170,62,4,6.5,3.1,12768|14289|21825|27226,Ccr1|Fpr2|Thbs1|Pla2g7,-0.91
MyList,GO Biological Processes,19,GO:2001233,regulation of apoptotic signaling pathway,19_GO:0050896 response to stimulus,-2.8,4.8,4.3,21160,428,62,6,9.7,3.8,17395|20201|20202|21825|23939|225884,Mmp9|S100a8|S100a9|Thbs1|Mapk7|Gstp3,-0.91
MyList,GO Biological Processes,19,GO:0006959,humoral immune response,19_GO:0002376 immune system process,-2.8,5.9,4.6,21160,289,62,5,8.1,3.5,12796|14134|17002|20202|20305,Camp|Fcnb|Ltf|S100a9|Ccl6,-0.91
MyList,GO Biological Processes,19,GO:0035710,"CD4-positive, alpha-beta T cell activation",19_GO:0002376 immune system process,-2.8,13,5.8,21160,79,62,3,4.8,2.7,12487|14728|16842,Cd28|Lilrb4a|Lef1,-0.9
MyList,GO Biological Processes,19,GO:0071621,granulocyte chemotaxis,19_GO:0040011 locomotion,-2.8,13,5.7,21160,80,62,3,4.8,2.7,12771|20201|20202,Ccr3|S100a8|S100a9,-0.89
MyList,KEGG Pathway,24,mmu04060,Cytokine-cytokine receptor interaction - Mus musculus (house mouse),,-2.8,5.8,4.5,21160,294,62,5,8.1,3.5,12504|12768|12769|12771|20305,Cd4|Ccr1|Ccr9|Ccr3|Ccl6,-0.89
MyList,GO Biological Processes,19,GO:0030029,actin filament-based process,19_GO:0009987 cellular process,-2.8,4,4.1,21160,593,62,7,11,4,13821|13823|17910|20202|20259|21916|208943,Epb41l1|Epb41l3|Myo15a|S100a9|Scin|Tmod1|Myo5c,-0.89
MyList,GO Biological Processes,19,GO:0002385,mucosal immune response,19_GO:0002376 immune system process,-2.7,12,5.6,21160,82,62,3,4.8,2.7,12796|13586|17002,Camp|Ear1|Ltf,-0.86
MyList,GO Biological Processes,19,GO:0050830,defense response to Gram-positive bacterium,19_GO:0044419 biological process involved in interspecies interaction between organisms,-2.7,7.7,4.8,21160,178,62,4,6.5,3.1,12796|13586|14191|17002,Camp|Ear1|Fgr|Ltf,-0.85
MyList,GO Biological Processes,19,GO:0002251,organ or tissue specific immune response,19_GO:0002376 immune system process,-2.7,12,5.5,21160,86,62,3,4.8,2.7,12796|13586|17002,Camp|Ear1|Ltf,-0.81
MyList,Reactome Gene Sets,6,R-MMU-375276,Peptide ligand-binding receptors,,-2.7,7.4,4.7,21160,184,62,4,6.5,3.1,12769|12771|14289|20305,Ccr9|Ccr3|Fpr2|Ccl6,-0.8
MyList,WikiPathways,27,WP85,Focal adhesion,,-2.7,7.4,4.7,21160,185,62,4,6.5,3.1,12843|14191|21825|23939,Col1a2|Fgr|Thbs1|Mapk7,-0.8
MyList,GO Biological Processes,19,GO:0032496,response to lipopolysaccharide,19_GO:0044419 biological process involved in interspecies interaction between organisms,-2.7,4.5,4.1,21160,455,62,6,9.7,3.8,12796|14728|15370|17394|20201|414084,Camp|Lilrb4a|Nr4a1|Mmp8|S100a8|Tnip3,-0.8
MyList,GO Biological Processes,19,GO:0043086,negative regulation of catalytic activity,19_GO:0065007 biological regulation,-2.7,4.5,4.1,21160,456,62,6,9.7,3.8,14728|15370|17002|17395|21825|225884,Lilrb4a|Nr4a1|Ltf|Mmp9|Thbs1|Gstp3,-0.8
MyList,GO Biological Processes,19,GO:0002573,myeloid leukocyte differentiation,19_GO:0032502 developmental process,-2.7,7.3,4.7,21160,187,62,4,6.5,3.1,11501|12504|16842|18733,Adam8|Cd4|Lef1|Pirb,-0.79
MyList,GO Biological Processes,19,GO:0062197,cellular response to chemical stress,19_GO:0050896 response to stimulus,-2.7,5.5,4.3,21160,313,62,5,8.1,3.5,16819|17395|19017|23939|67689,Lcn2|Mmp9|Ppargc1a|Mapk7|Aldh3b1,-0.78
MyList,KEGG Pathway,24,mmu04512,ECM-receptor interaction - Mus musculus (house mouse),,-2.6,12,5.4,21160,89,62,3,4.8,2.7,12843|20971|21825,Col1a2|Sdc4|Thbs1,-0.78
MyList,GO Biological Processes,19,GO:0060627,regulation of vesicle-mediated transport,19_GO:0051179 localization,-2.6,3.8,3.9,21160,628,62,7,11,4,11687|13821|14134|14191|14289|20971|68891,Alox15|Epb41l1|Fcnb|Fgr|Fpr2|Sdc4|Cd177,-0.77
MyList,GO Biological Processes,19,GO:0009611,response to wounding,19_GO:0050896 response to stimulus,-2.6,4.4,4,21160,465,62,6,9.7,3.8,11687|13518|14728|19124|20971|76905,Alox15|Dst|Lilrb4a|Procr|Sdc4|Lrg1,-0.76
MyList,GO Biological Processes,19,GO:0007162,negative regulation of cell adhesion,19_GO:0048519 negative regulation of biological process,-2.6,5.3,4.2,21160,322,62,5,8.1,3.5,11501|14728|20971|21825|23939,Adam8|Lilrb4a|Sdc4|Thbs1|Mapk7,-0.74
MyList,GO Biological Processes,19,GO:0002699,positive regulation of immune effector process,19_GO:0002376 immune system process,-2.6,5.3,4.2,21160,322,62,5,8.1,3.5,12487|14134|14191|14728|68891,Cd28|Fcnb|Fgr|Lilrb4a|Cd177,-0.74
MyList,GO Biological Processes,19,GO:2001242,regulation of intrinsic apoptotic signaling pathway,19_GO:0050896 response to stimulus,-2.6,7,4.6,21160,194,62,4,6.5,3.1,17395|20201|20202|23939,Mmp9|S100a8|S100a9|Mapk7,-0.74
MyList,GO Biological Processes,19,GO:0019730,antimicrobial humoral response,19_GO:0044419 biological process involved in interspecies interaction between organisms,-2.6,7,4.6,21160,195,62,4,6.5,3.1,12796|17002|20202|20305,Camp|Ltf|S100a9|Ccl6,-0.74
MyList,GO Biological Processes,19,GO:0002237,response to molecule of bacterial origin,19_GO:0044419 biological process involved in interspecies interaction between organisms,-2.6,4.3,4,21160,473,62,6,9.7,3.8,12796|14728|15370|17394|20201|414084,Camp|Lilrb4a|Nr4a1|Mmp8|S100a8|Tnip3,-0.74
MyList,GO Biological Processes,19,GO:0045580,regulation of T cell differentiation,19_GO:0002376 immune system process,-2.6,6.9,4.5,21160,198,62,4,6.5,3.1,11501|12487|14728|16842,Adam8|Cd28|Lilrb4a|Lef1,-0.72
MyList,KEGG Pathway,24,mmu00983,Drug metabolism - other enzymes - Mus musculus (house mouse),,-2.6,11,5.2,21160,95,62,3,4.8,2.7,14871|72361|225884,Gstt1|Ces2g|Gstp3,-0.72
MyList,GO Biological Processes,19,GO:0045089,positive regulation of innate immune response,19_GO:0044419 biological process involved in interspecies interaction between organisms,-2.6,5.2,4.1,21160,329,62,5,8.1,3.5,11501|14134|14289|17002|414084,Adam8|Fcnb|Fpr2|Ltf|Tnip3,-0.71
MyList,GO Biological Processes,19,GO:0045859,regulation of protein kinase activity,19_GO:0050789 regulation of biological process,-2.6,4.3,3.9,21160,480,62,6,9.7,3.8,12504|14191|14728|17002|21825|225884,Cd4|Fgr|Lilrb4a|Ltf|Thbs1|Gstp3,-0.71
MyList,GO Biological Processes,19,GO:0042129,regulation of T cell proliferation,19_GO:0002376 immune system process,-2.6,6.8,4.5,21160,200,62,4,6.5,3.1,12487|12504|14728|20971,Cd28|Cd4|Lilrb4a|Sdc4,-0.71
MyList,GO Biological Processes,19,GO:0070372,regulation of ERK1 and ERK2 cascade,19_GO:0050896 response to stimulus,-2.5,5.1,4.1,21160,333,62,5,8.1,3.5,11687|12504|12768|14289|225884,Alox15|Cd4|Ccr1|Fpr2|Gstp3,-0.7
MyList,GO Biological Processes,19,GO:0030162,regulation of proteolysis,19_GO:0050789 regulation of biological process,-2.5,3.7,3.7,21160,653,62,7,11,4,11501|15370|17002|17395|20201|20202|21825,Adam8|Nr4a1|Ltf|Mmp9|S100a8|S100a9|Thbs1,-0.7
MyList,KEGG Pathway,24,mmu05205,Proteoglycans in cancer - Mus musculus (house mouse),,-2.5,6.7,4.4,21160,204,62,4,6.5,3.1,12843|17395|20971|21825,Col1a2|Mmp9|Sdc4|Thbs1,-0.69
MyList,GO Biological Processes,19,GO:0045069,regulation of viral genome replication,19_GO:0016032 viral process,-2.5,10,5.1,21160,99,62,3,4.8,2.7,17002|23962|246728,Ltf|Oasl2|Oas2,-0.68
MyList,GO Biological Processes,19,GO:0002521,leukocyte differentiation,19_GO:0032502 developmental process,-2.5,4.2,3.9,21160,491,62,6,9.7,3.8,11501|12487|12504|12769|16842|18733,Adam8|Cd28|Cd4|Ccr9|Lef1|Pirb,-0.68
MyList,KEGG Pathway,24,mmu05215,Prostate cancer - Mus musculus (house mouse),,-2.5,10,5,21160,100,62,3,4.8,2.7,16842|17395|225884,Lef1|Mmp9|Gstp3,-0.67
MyList,GO Biological Processes,19,GO:0051251,positive regulation of lymphocyte activation,19_GO:0002376 immune system process,-2.5,5,4,21160,340,62,5,8.1,3.5,11501|12487|12504|14728|16842,Adam8|Cd28|Cd4|Lilrb4a|Lef1,-0.67
MyList,WikiPathways,27,WP2432,Spinal cord injury,,-2.5,10,5,21160,101,62,3,4.8,2.7,15370|17395|18733,Nr4a1|Mmp9|Pirb,-0.66
MyList,GO Biological Processes,19,GO:0051897,positive regulation of phosphatidylinositol 3-kinase/protein kinase B signal transduction,19_GO:0048518 positive regulation of biological process,-2.5,6.5,4.4,21160,209,62,4,6.5,3.1,11501|12487|14191|21825,Adam8|Cd28|Fgr|Thbs1,-0.66
MyList,GO Biological Processes,19,GO:0001503,ossification,19_GO:0032501 multicellular organismal process,-2.5,4.9,4,21160,345,62,5,8.1,3.5,11687|12843|14191|16842|17002,Alox15|Col1a2|Fgr|Lef1|Ltf,-0.65
MyList,GO Biological Processes,19,GO:0006897,endocytosis,19_GO:0051179 localization,-2.5,4.1,3.8,21160,500,62,6,9.7,3.8,11687|14134|14728|17910|21825|208943,Alox15|Fcnb|Lilrb4a|Myo15a|Thbs1|Myo5c,-0.65
MyList,GO Biological Processes,19,GO:0001938,positive regulation of endothelial cell proliferation,19_GO:0048518 positive regulation of biological process,-2.5,9.8,4.9,21160,104,62,3,4.8,2.7,12771|15370|76905,Ccr3|Nr4a1|Lrg1,-0.63
MyList,GO Biological Processes,19,GO:0002700,regulation of production of molecular mediator of immune response,19_GO:0002376 immune system process,-2.4,6.4,4.3,21160,214,62,4,6.5,3.1,12487|13861|14728|19074,Cd28|Epx|Lilrb4a|Prg2,-0.63
MyList,GO Biological Processes,19,GO:0030217,T cell differentiation,19_GO:0002376 immune system process,-2.4,6.3,4.3,21160,215,62,4,6.5,3.1,12487|12504|12769|16842,Cd28|Cd4|Ccr9|Lef1,-0.62
MyList,GO Biological Processes,19,GO:0030100,regulation of endocytosis,19_GO:0051179 localization,-2.4,4.8,3.9,21160,352,62,5,8.1,3.5,11687|14134|14191|14289|68891,Alox15|Fcnb|Fgr|Fpr2|Cd177,-0.62
MyList,GO Biological Processes,19,GO:0002429,immune response-activating cell surface receptor signaling pathway,19_GO:0002376 immune system process,-2.4,6.3,4.2,21160,217,62,4,6.5,3.1,12487|14134|14289|414084,Cd28|Fcnb|Fpr2|Tnip3,-0.61
MyList,GO Biological Processes,19,GO:0043549,regulation of kinase activity,19_GO:0050789 regulation of biological process,-2.4,4,3.7,21160,512,62,6,9.7,3.8,12504|14191|14728|17002|21825|225884,Cd4|Fgr|Lilrb4a|Ltf|Thbs1|Gstp3,-0.61
MyList,GO Biological Processes,19,GO:0051346,negative regulation of hydrolase activity,19_GO:0065007 biological regulation,-2.4,6.3,4.2,21160,218,62,4,6.5,3.1,15370|17002|17395|21825,Nr4a1|Ltf|Mmp9|Thbs1,-0.61
MyList,GO Biological Processes,19,GO:0022408,negative regulation of cell-cell adhesion,19_GO:0048519 negative regulation of biological process,-2.4,6.2,4.2,21160,219,62,4,6.5,3.1,11501|14728|20971|23939,Adam8|Lilrb4a|Sdc4|Mapk7,-0.6
MyList,GO Biological Processes,19,GO:0045921,positive regulation of exocytosis,19_GO:0051179 localization,-2.4,9.5,4.8,21160,108,62,3,4.8,2.7,14191|20971|68891,Fgr|Sdc4|Cd177,-0.6
MyList,GO Biological Processes,19,GO:0010717,regulation of epithelial to mesenchymal transition,19_GO:0032502 developmental process,-2.4,9.5,4.8,21160,108,62,3,4.8,2.7,11501|16842|76905,Adam8|Lef1|Lrg1,-0.6
MyList,GO Biological Processes,19,GO:0050878,regulation of body fluid levels,19_GO:0065007 biological regulation,-2.4,4.7,3.9,21160,360,62,5,8.1,3.5,14728|19124|20202|21825|246728,Lilrb4a|Procr|S100a9|Thbs1|Oas2,-0.59
MyList,GO Biological Processes,19,GO:0030099,myeloid cell differentiation,19_GO:0032502 developmental process,-2.4,4.7,3.9,21160,361,62,5,8.1,3.5,11501|12504|12768|16842|18733,Adam8|Cd4|Ccr1|Lef1|Pirb,-0.59
MyList,GO Biological Processes,19,GO:0002833,positive regulation of response to biotic stimulus,19_GO:0048518 positive regulation of biological process,-2.4,4.7,3.9,21160,361,62,5,8.1,3.5,11501|14134|14289|17002|414084,Adam8|Fcnb|Fpr2|Ltf|Tnip3,-0.59
MyList,GO Biological Processes,19,GO:0017157,regulation of exocytosis,19_GO:0051179 localization,-2.4,6.1,4.1,21160,225,62,4,6.5,3.1,13821|14191|20971|68891,Epb41l1|Fgr|Sdc4|Cd177,-0.57
MyList,GO Biological Processes,19,GO:0070374,positive regulation of ERK1 and ERK2 cascade,19_GO:0048518 positive regulation of biological process,-2.4,6,4.1,21160,227,62,4,6.5,3.1,11687|12504|12768|14289,Alox15|Cd4|Ccr1|Fpr2,-0.56
MyList,GO Biological Processes,19,GO:0051702,biological process involved in interaction with symbiont,19_GO:0044419 biological process involved in interspecies interaction between organisms,-2.4,9.1,4.7,21160,113,62,3,4.8,2.7,12796|16842|17002,Camp|Lef1|Ltf,-0.56
MyList,WikiPathways,27,WP189,GPCRs class A rhodopsin like,,-2.3,6,4.1,21160,228,62,4,6.5,3.1,12768|12769|12771|14289,Ccr1|Ccr9|Ccr3|Fpr2,-0.56
MyList,GO Biological Processes,19,GO:0032956,regulation of actin cytoskeleton organization,19_GO:0050789 regulation of biological process,-2.3,4.6,3.8,21160,371,62,5,8.1,3.5,11687|14191|20259|20971|21916,Alox15|Fgr|Scin|Sdc4|Tmod1,-0.55
MyList,KEGG Pathway,24,mmu04820,Cytoskeleton in muscle cells - Mus musculus (house mouse),,-2.3,5.9,4.1,21160,232,62,4,6.5,3.1,12843|20971|21825|21916,Col1a2|Sdc4|Thbs1|Tmod1,-0.54
MyList,GO Biological Processes,19,GO:0071674,mononuclear cell migration,19_GO:0002376 immune system process,-2.3,8.8,4.6,21160,116,62,3,4.8,2.7,11501|12768|17395,Adam8|Ccr1|Mmp9,-0.54
MyList,GO Biological Processes,19,GO:0045619,regulation of lymphocyte differentiation,19_GO:0002376 immune system process,-2.3,5.9,4,21160,233,62,4,6.5,3.1,11501|12487|14728|16842,Adam8|Cd28|Lilrb4a|Lef1,-0.53
MyList,GO Biological Processes,19,GO:0043410,positive regulation of MAPK cascade,19_GO:0048518 positive regulation of biological process,-2.3,3.8,3.6,21160,539,62,6,9.7,3.8,11501|11687|12504|12768|14289|21825,Adam8|Alox15|Cd4|Ccr1|Fpr2|Thbs1,-0.53
MyList,GO Biological Processes,19,GO:0031214,biomineral tissue development,19_GO:0032502 developmental process,-2.3,8.8,4.6,21160,117,62,3,4.8,2.7,11687|12843|14191,Alox15|Col1a2|Fgr,-0.53
MyList,GO Biological Processes,19,GO:0050920,regulation of chemotaxis,19_GO:0040011 locomotion,-2.3,5.8,4,21160,236,62,4,6.5,3.1,12768|14289|21825|27226,Ccr1|Fpr2|Thbs1|Pla2g7,-0.52
MyList,GO Biological Processes,19,GO:0045321,leukocyte activation,19_GO:0002376 immune system process,-2.3,3.3,3.4,21160,729,62,7,11,4,12487|12504|12769|12796|14728|16842|18733,Cd28|Cd4|Ccr9|Camp|Lilrb4a|Lef1|Pirb,-0.5
MyList,GO Biological Processes,19,GO:0001704,formation of primary germ layer,19_GO:0032502 developmental process,-2.3,8.4,4.4,21160,122,62,3,4.8,2.7,16842|17394|17395,Lef1|Mmp8|Mmp9,-0.49
MyList,GO Biological Processes,19,GO:0048661,positive regulation of smooth muscle cell proliferation,19_GO:0048518 positive regulation of biological process,-2.3,8.4,4.4,21160,122,62,3,4.8,2.7,17395|19017|21825,Mmp9|Ppargc1a|Thbs1,-0.49
MyList,Reactome Gene Sets,6,R-MMU-388396,GPCR downstream signalling,,-2.2,3.7,3.5,21160,556,62,6,9.7,3.8,12768|12769|12771|14289|20305|23939,Ccr1|Ccr9|Ccr3|Fpr2|Ccl6|Mapk7,-0.48
MyList,GO Biological Processes,19,GO:0031032,actomyosin structure organization,19_GO:0009987 cellular process,-2.2,8.2,4.4,21160,125,62,3,4.8,2.7,13821|13823|21916,Epb41l1|Epb41l3|Tmod1,-0.46
MyList,GO Biological Processes,19,GO:0046631,alpha-beta T cell activation,19_GO:0002376 immune system process,-2.2,8.1,4.3,21160,127,62,3,4.8,2.7,12487|14728|16842,Cd28|Lilrb4a|Lef1,-0.44
MyList,GO Biological Processes,19,GO:0045582,positive regulation of T cell differentiation,19_GO:0002376 immune system process,-2.2,7.9,4.3,21160,129,62,3,4.8,2.7,11501|14728|16842,Adam8|Lilrb4a|Lef1,-0.43
MyList,GO Biological Processes,19,GO:0010001,glial cell differentiation,19_GO:0032502 developmental process,-2.2,5.3,3.8,21160,258,62,4,6.5,3.1,11496|16842|20201|20202,Adam22|Lef1|S100a8|S100a9,-0.4
MyList,GO Biological Processes,19,GO:0042110,T cell activation,19_GO:0002376 immune system process,-2.2,4.2,3.5,21160,410,62,5,8.1,3.5,12487|12504|12769|14728|16842,Cd28|Cd4|Ccr9|Lilrb4a|Lef1,-0.39
MyList,GO Biological Processes,19,GO:0002718,regulation of cytokine production involved in immune response,19_GO:0002376 immune system process,-2.2,7.7,4.2,21160,133,62,3,4.8,2.7,13861|14728|19074,Epx|Lilrb4a|Prg2,-0.39
MyList,GO Biological Processes,19,GO:0050670,regulation of lymphocyte proliferation,19_GO:0002376 immune system process,-2.1,5.3,3.7,21160,260,62,4,6.5,3.1,12487|12504|14728|20971,Cd28|Cd4|Lilrb4a|Sdc4,-0.39
MyList,GO Biological Processes,19,GO:0002819,regulation of adaptive immune response,19_GO:0002376 immune system process,-2.1,5.3,3.7,21160,260,62,4,6.5,3.1,11687|12487|12504|14728,Alox15|Cd28|Cd4|Lilrb4a,-0.39
MyList,GO Biological Processes,19,GO:0050829,defense response to Gram-negative bacterium,19_GO:0044419 biological process involved in interspecies interaction between organisms,-2.1,7.6,4.2,21160,134,62,3,4.8,2.7,12504|12796|17002,Cd4|Camp|Ltf,-0.39
MyList,GO Biological Processes,19,GO:0044092,negative regulation of molecular function,19_GO:0065007 biological regulation,-2.1,3.1,3.2,21160,773,62,7,11,4,14728|15370|16842|17002|17395|21825|225884,Lilrb4a|Nr4a1|Lef1|Ltf|Mmp9|Thbs1|Gstp3,-0.38
MyList,GO Biological Processes,19,GO:0051338,regulation of transferase activity,19_GO:0065007 biological regulation,-2.1,3.5,3.3,21160,587,62,6,9.7,3.8,12504|14191|14728|17002|21825|225884,Cd4|Fgr|Lilrb4a|Ltf|Thbs1|Gstp3,-0.38
MyList,GO Biological Processes,19,GO:1903131,mononuclear cell differentiation,19_GO:0032502 developmental process,-2.1,4.1,3.5,21160,415,62,5,8.1,3.5,12487|12504|12769|16842|18733,Cd28|Cd4|Ccr9|Lef1|Pirb,-0.38
MyList,GO Biological Processes,19,GO:0043122,regulation of canonical NF-kappaB signal transduction,19_GO:0050896 response to stimulus,-2.1,5.2,3.7,21160,263,62,4,6.5,3.1,12504|14728|17002|414084,Cd4|Lilrb4a|Ltf|Tnip3,-0.38
MyList,Reactome Gene Sets,6,R-MMU-372790,Signaling by GPCR,,-2.1,3.5,3.3,21160,589,62,6,9.7,3.8,12768|12769|12771|14289|20305|23939,Ccr1|Ccr9|Ccr3|Fpr2|Ccl6|Mapk7,-0.38
MyList,GO Biological Processes,19,GO:0032944,regulation of mononuclear cell proliferation,19_GO:0050789 regulation of biological process,-2.1,5.2,3.7,21160,265,62,4,6.5,3.1,12487|12504|14728|20971,Cd28|Cd4|Lilrb4a|Sdc4,-0.37
MyList,GO Biological Processes,19,GO:0001568,blood vessel development,19_GO:0032502 developmental process,-2.1,3.5,3.3,21160,593,62,6,9.7,3.8,11501|12771|12843|15370|16842|21825,Adam8|Ccr3|Col1a2|Nr4a1|Lef1|Thbs1,-0.37
MyList,GO Biological Processes,19,GO:0035239,tube morphogenesis,19_GO:0032502 developmental process,-2.1,3.1,3.2,21160,782,62,7,11,4,11501|12771|15370|16842|20971|21825|330409,Adam8|Ccr3|Nr4a1|Lef1|Sdc4|Thbs1|Cecr2,-0.37
MyList,GO Biological Processes,19,GO:0032970,regulation of actin filament-based process,19_GO:0050789 regulation of biological process,-2.1,4.1,3.4,21160,421,62,5,8.1,3.5,11687|14191|20259|20971|21916,Alox15|Fgr|Scin|Sdc4|Tmod1,-0.37
MyList,Reactome Gene Sets,6,R-MMU-168898,Toll-like Receptor Cascades,,-2.1,7.3,4.1,21160,140,62,3,4.8,2.7,20201|20202|23939,S100a8|S100a9|Mapk7,-0.35
MyList,GO Biological Processes,19,GO:0097435,supramolecular fiber organization,19_GO:0009987 cellular process,-2.1,3.4,3.3,21160,599,62,6,9.7,3.8,12796|12843|17910|20259|21916|208943,Camp|Col1a2|Myo15a|Scin|Tmod1|Myo5c,-0.35
MyList,GO Biological Processes,19,GO:0051046,regulation of secretion,19_GO:0051179 localization,-2.1,3,3.1,21160,796,62,7,11,4,13821|14191|20201|20202|20971|68891|246728,Epb41l1|Fgr|S100a8|S100a9|Sdc4|Cd177|Oas2,-0.33
MyList,GO Biological Processes,19,GO:0007015,actin filament organization,19_GO:0009987 cellular process,-2.1,5,3.6,21160,274,62,4,6.5,3.1,17910|20259|21916|208943,Myo15a|Scin|Tmod1|Myo5c,-0.33
MyList,GO Biological Processes,19,GO:0010811,positive regulation of cell-substrate adhesion,19_GO:0048518 positive regulation of biological process,-2.1,7.1,4,21160,144,62,3,4.8,2.7,11687|20971|21825,Alox15|Sdc4|Thbs1,-0.33
MyList,GO Biological Processes,19,GO:0045861,negative regulation of proteolysis,19_GO:0048519 negative regulation of biological process,-2.1,4.9,3.6,21160,277,62,4,6.5,3.1,15370|17002|17395|21825,Nr4a1|Ltf|Mmp9|Thbs1,-0.32
MyList,GO Biological Processes,19,GO:0033559,unsaturated fatty acid metabolic process,19_GO:0009987 cellular process,-2,7,4,21160,146,62,3,4.8,2.7,11687|72361|225884,Alox15|Ces2g|Gstp3,-0.32
MyList,GO Biological Processes,19,GO:0006690,icosanoid metabolic process,19_GO:0009987 cellular process,-2,7,4,21160,146,62,3,4.8,2.7,11687|72361|225884,Alox15|Ces2g|Gstp3,-0.32
MyList,GO Biological Processes,19,GO:0045621,positive regulation of lymphocyte differentiation,19_GO:0002376 immune system process,-2,7,4,21160,146,62,3,4.8,2.7,11501|14728|16842,Adam8|Lilrb4a|Lef1,-0.32
MyList,GO Biological Processes,19,GO:0034614,cellular response to reactive oxygen species,19_GO:0050896 response to stimulus,-2,7,4,21160,146,62,3,4.8,2.7,16819|17395|23939,Lcn2|Mmp9|Mapk7,-0.32
MyList,GO Biological Processes,19,GO:0021782,glial cell development,19_GO:0032502 developmental process,-2,7,3.9,21160,147,62,3,4.8,2.7,11496|20201|20202,Adam22|S100a8|S100a9,-0.31
MyList,GO Biological Processes,19,GO:0002698,negative regulation of immune effector process,19_GO:0002376 immune system process,-2,6.9,3.9,21160,148,62,3,4.8,2.7,13861|14728|19074,Epx|Lilrb4a|Prg2,-0.31
MyList,GO Biological Processes,19,GO:0030833,regulation of actin filament polymerization,19_GO:0050789 regulation of biological process,-2,6.9,3.9,21160,148,62,3,4.8,2.7,11687|20259|21916,Alox15|Scin|Tmod1,-0.31
MyList,GO Biological Processes,19,GO:0051336,regulation of hydrolase activity,19_GO:0065007 biological regulation,-2,3.3,3.2,21160,621,62,6,9.7,3.8,15370|17002|17395|20201|20202|21825,Nr4a1|Ltf|Mmp9|S100a8|S100a9|Thbs1,-0.3
MyList,GO Biological Processes,19,GO:0110053,regulation of actin filament organization,19_GO:0050789 regulation of biological process,-2,4.8,3.5,21160,286,62,4,6.5,3.1,11687|20259|20971|21916,Alox15|Scin|Sdc4|Tmod1,-0.29
MyList,GO Biological Processes,19,GO:0070663,regulation of leukocyte proliferation,19_GO:0050789 regulation of biological process,-2,4.8,3.5,21160,287,62,4,6.5,3.1,12487|12504|14728|20971,Cd28|Cd4|Lilrb4a|Sdc4,-0.28
MyList_MCODE_ALL,GO Biological Processes,19,GO:0070486,leukocyte aggregation,19_GO:0009987 cellular process,-7.2,3.5e+02,32,21160,14,13,3,23,12,20201|20202|21825,S100a8|S100a9|Thbs1,-4
MyList_MCODE_ALL,WikiPathways,27,WP4466,Oxidative stress and redox pathway,,-6.6,71,17,21160,92,13,4,31,13,13058|14871|20201|20202,Cybb|Gstt1|S100a8|S100a9,-3.6
MyList_MCODE_ALL,Reactome Gene Sets,6,R-MMU-6798695,Neutrophil degranulation,,-6.6,19,10,21160,506,13,6,46,14,13058|14134|17395|20201|20202|67689,Cybb|Fcnb|Mmp9|S100a8|S100a9|Aldh3b1,-3.6
MyList_MCODE_ALL,Reactome Gene Sets,6,R-MMU-5668599,RHO GTPases Activate NADPH Oxidases,,-6.4,2e+02,25,21160,24,13,3,23,12,13058|20201|20202,Cybb|S100a8|S100a9,-3.5
MyList_MCODE_ALL,KEGG Pathway,24,mmu05418,Fluid shear stress and atherosclerosis - Mus musculus (house mouse),,-5.8,44,13,21160,148,13,4,31,13,14871|17395|20971|225884,Gstt1|Mmp9|Sdc4|Gstp3,-3
MyList_MCODE_ALL,GO Biological Processes,19,GO:2001233,regulation of apoptotic signaling pathway,19_GO:0050896 response to stimulus,-5.4,19,9.3,21160,428,13,5,38,13,17395|20201|20202|21825|225884,Mmp9|S100a8|S100a9|Thbs1|Gstp3,-2.7
MyList_MCODE_ALL,GO Biological Processes,19,GO:2000116,regulation of cysteine-type endopeptidase activity,19_GO:0050789 regulation of biological process,-5.2,31,11,21160,212,13,4,31,13,17395|20201|20202|21825,Mmp9|S100a8|S100a9|Thbs1,-2.5
MyList_MCODE_ALL,GO Biological Processes,19,GO:0007159,leukocyte cell-cell adhesion,19_GO:0009987 cellular process,-5.2,78,15,21160,63,13,3,23,12,20201|20202|21825,S100a8|S100a9|Thbs1,-2.5
MyList_MCODE_ALL,KEGG Pathway,24,mmu00982,Drug metabolism - cytochrome P450 - Mus musculus (house mouse),,-5,68,14,21160,72,13,3,23,12,14871|67689|225884,Gstt1|Aldh3b1|Gstp3,-2.4
MyList_MCODE_ALL,GO Biological Processes,19,GO:0098869,cellular oxidant detoxification,19_GO:0098754 detoxification,-5,67,14,21160,73,13,3,23,12,14871|20201|20202,Gstt1|S100a8|S100a9,-2.4
MyList_MCODE_ALL,KEGG Pathway,24,mmu00980,Metabolism of xenobiotics by cytochrome P450 - Mus musculus (house mouse),,-4.9,64,14,21160,76,13,3,23,12,14871|67689|225884,Gstt1|Aldh3b1|Gstp3,-2.4
MyList_MCODE_ALL,GO Biological Processes,19,GO:0052548,regulation of endopeptidase activity,19_GO:0050789 regulation of biological process,-4.6,22,9.1,21160,290,13,4,31,13,17395|20201|20202|21825,Mmp9|S100a8|S100a9|Thbs1,-2.2
MyList_MCODE_ALL,KEGG Pathway,24,mmu04657,IL-17 signaling pathway - Mus musculus (house mouse),,-4.6,53,12,21160,93,13,3,23,12,17395|20201|20202,Mmp9|S100a8|S100a9,-2.2
MyList_MCODE_ALL,GO Biological Processes,19,GO:1990748,cellular detoxification,19_GO:0098754 detoxification,-4.5,49,12,21160,100,13,3,23,12,14871|20201|20202,Gstt1|S100a8|S100a9,-2.1
MyList_MCODE_ALL,GO Biological Processes,19,GO:0052547,regulation of peptidase activity,19_GO:0050789 regulation of biological process,-4.5,20,8.7,21160,319,13,4,31,13,17395|20201|20202|21825,Mmp9|S100a8|S100a9|Thbs1,-2.1
MyList_MCODE_ALL,GO Biological Processes,19,GO:0097237,cellular response to toxic substance,19_GO:0050896 response to stimulus,-4.4,43,11,21160,114,13,3,23,12,14871|20201|20202,Gstt1|S100a8|S100a9,-2.1
MyList_MCODE_ALL,GO Biological Processes,19,GO:0098754,detoxification,19_GO:0098754 detoxification,-4.3,40,11,21160,122,13,3,23,12,14871|20201|20202,Gstt1|S100a8|S100a9,-2
MyList_MCODE_ALL,GO Biological Processes,19,GO:0030595,leukocyte chemotaxis,19_GO:0040011 locomotion,-4.1,33,9.8,21160,146,13,3,23,12,17395|20201|20202,Mmp9|S100a8|S100a9,-1.8
MyList_MCODE_ALL,GO Biological Processes,19,GO:0097529,myeloid leukocyte migration,19_GO:0002376 immune system process,-4.1,33,9.8,21160,146,13,3,23,12,17395|20201|20202,Mmp9|S100a8|S100a9,-1.8
MyList_MCODE_ALL,GO Biological Processes,19,GO:2001235,positive regulation of apoptotic signaling pathway,19_GO:0048518 positive regulation of biological process,-3.9,29,9,21160,169,13,3,23,12,20201|20202|21825,S100a8|S100a9|Thbs1,-1.7
MyList_MCODE_ALL,GO Biological Processes,19,GO:0045766,positive regulation of angiogenesis,19_GO:0032502 developmental process,-3.8,27,8.6,21160,184,13,3,23,12,13058|17395|21825,Cybb|Mmp9|Thbs1,-1.6
MyList_MCODE_ALL,GO Biological Processes,19,GO:1904018,positive regulation of vasculature development,19_GO:0032502 developmental process,-3.7,26,8.6,21160,187,13,3,23,12,13058|17395|21825,Cybb|Mmp9|Thbs1,-1.6
MyList_MCODE_ALL,GO Biological Processes,19,GO:0009410,response to xenobiotic stimulus,19_GO:0050896 response to stimulus,-3.7,13,6.7,21160,500,13,4,31,13,13058|14871|17395|225884,Cybb|Gstt1|Mmp9|Gstp3,-1.6
MyList_MCODE_ALL,GO Biological Processes,19,GO:2001242,regulation of intrinsic apoptotic signaling pathway,19_GO:0050896 response to stimulus,-3.7,25,8.4,21160,194,13,3,23,12,17395|20201|20202,Mmp9|S100a8|S100a9,-1.6
MyList_MCODE_ALL,GO Biological Processes,19,GO:0032680,regulation of tumor necrosis factor production,19_GO:0032501 multicellular organismal process,-3.7,24,8.2,21160,200,13,3,23,12,13058|21825|225884,Cybb|Thbs1|Gstp3,-1.6
MyList_MCODE_ALL,GO Biological Processes,19,GO:1903555,regulation of tumor necrosis factor superfamily cytokine production,19_GO:0032501 multicellular organismal process,-3.6,24,8.2,21160,203,13,3,23,12,13058|21825|225884,Cybb|Thbs1|Gstp3,-1.5
MyList_MCODE_ALL,KEGG Pathway,24,mmu05205,Proteoglycans in cancer - Mus musculus (house mouse),,-3.6,24,8.2,21160,204,13,3,23,12,17395|20971|21825,Mmp9|Sdc4|Thbs1,-1.5
MyList_MCODE_ALL,GO Biological Processes,19,GO:0030036,actin cytoskeleton organization,19_GO:0009987 cellular process,-3.6,12,6.5,21160,535,13,4,31,13,13821|13823|17910|20202,Epb41l1|Epb41l3|Myo15a|S100a9,-1.5
MyList_MCODE_ALL,GO Biological Processes,19,GO:0060326,cell chemotaxis,19_GO:0040011 locomotion,-3.5,22,7.8,21160,223,13,3,23,12,17395|20201|20202,Mmp9|S100a8|S100a9,-1.4
MyList_MCODE_ALL,Reactome Gene Sets,6,R-MMU-195258,RHO GTPase Effectors,,-3.5,21,7.6,21160,234,13,3,23,12,13058|20201|20202,Cybb|S100a8|S100a9,-1.4
MyList_MCODE_ALL,GO Biological Processes,19,GO:0009636,response to toxic substance,19_GO:0050896 response to stimulus,-3.5,21,7.6,21160,234,13,3,23,12,14871|20201|20202,Gstt1|S100a8|S100a9,-1.4
MyList_MCODE_ALL,GO Biological Processes,19,GO:0030029,actin filament-based process,19_GO:0009987 cellular process,-3.4,11,6.1,21160,593,13,4,31,13,13821|13823|17910|20202,Epb41l1|Epb41l3|Myo15a|S100a9,-1.4
MyList_MCODE_ALL,GO Biological Processes,19,GO:0006954,inflammatory response,19_GO:0050896 response to stimulus,-3.4,11,6.1,21160,599,13,4,31,13,13058|20201|20202|21825,Cybb|S100a8|S100a9|Thbs1,-1.4
MyList_MCODE_ALL,GO Biological Processes,19,GO:0051336,regulation of hydrolase activity,19_GO:0065007 biological regulation,-3.4,10,5.9,21160,621,13,4,31,13,17395|20201|20202|21825,Mmp9|S100a8|S100a9|Thbs1,-1.3
MyList_MCODE_ALL,GO Biological Processes,19,GO:0032103,positive regulation of response to external stimulus,19_GO:0048518 positive regulation of biological process,-3.4,10,5.9,21160,621,13,4,31,13,14134|20201|20202|21825,Fcnb|S100a8|S100a9|Thbs1,-1.3
MyList_MCODE_ALL,GO Biological Processes,19,GO:0050900,leukocyte migration,19_GO:0002376 immune system process,-3.4,19,7.3,21160,252,13,3,23,12,17395|20201|20202,Mmp9|S100a8|S100a9,-1.3
MyList_MCODE_ALL,GO Biological Processes,19,GO:0030162,regulation of proteolysis,19_GO:0050789 regulation of biological process,-3.3,10,5.8,21160,653,13,4,31,13,17395|20201|20202|21825,Mmp9|S100a8|S100a9|Thbs1,-1.3
MyList_MCODE_ALL,GO Biological Processes,19,GO:0043065,positive regulation of apoptotic process,19_GO:0048518 positive regulation of biological process,-3.3,9.9,5.7,21160,660,13,4,31,13,17395|20201|20202|21825,Mmp9|S100a8|S100a9|Thbs1,-1.3
MyList_MCODE_ALL,GO Biological Processes,19,GO:0043068,positive regulation of programmed cell death,19_GO:0048518 positive regulation of biological process,-3.2,9.6,5.6,21160,678,13,4,31,13,17395|20201|20202|21825,Mmp9|S100a8|S100a9|Thbs1,-1.2
MyList_MCODE_ALL,GO Biological Processes,19,GO:0045765,regulation of angiogenesis,19_GO:0032502 developmental process,-3.1,15,6.4,21160,320,13,3,23,12,13058|17395|21825,Cybb|Mmp9|Thbs1,-1.1
MyList_MCODE_ALL,GO Biological Processes,19,GO:1901342,regulation of vasculature development,19_GO:0032502 developmental process,-3,15,6.3,21160,327,13,3,23,12,13058|17395|21825,Cybb|Mmp9|Thbs1,-1.1
MyList_MCODE_ALL,GO Biological Processes,19,GO:0006935,chemotaxis,19_GO:0040011 locomotion,-3,14,6.2,21160,338,13,3,23,12,17395|20201|20202,Mmp9|S100a8|S100a9,-1
MyList_MCODE_ALL,GO Biological Processes,19,GO:0042330,taxis,19_GO:0040011 locomotion,-3,14,6.2,21160,340,13,3,23,12,17395|20201|20202,Mmp9|S100a8|S100a9,-1
MyList_MCODE_ALL,GO Biological Processes,19,GO:0051046,regulation of secretion,19_GO:0051179 localization,-3,8.2,5.1,21160,796,13,4,31,13,13821|20201|20202|20971,Epb41l1|S100a8|S100a9|Sdc4,-1
MyList_MCODE_ALL,GO Biological Processes,19,GO:0040011,locomotion,19_GO:0040011 locomotion,-2.9,13,5.8,21160,373,13,3,23,12,17395|20201|20202,Mmp9|S100a8|S100a9,-0.95
MyList_MCODE_ALL,GO Biological Processes,19,GO:0010038,response to metal ion,19_GO:0050896 response to stimulus,-2.8,13,5.7,21160,385,13,3,23,12,13058|17395|21825,Cybb|Mmp9|Thbs1,-0.92
MyList_MCODE_ALL,GO Biological Processes,19,GO:0051047,positive regulation of secretion,19_GO:0051179 localization,-2.6,11,5.2,21160,452,13,3,23,12,20201|20202|20971,S100a8|S100a9|Sdc4,-0.76
MyList_MCODE_ALL,GO Biological Processes,19,GO:0043086,negative regulation of catalytic activity,19_GO:0065007 biological regulation,-2.6,11,5.2,21160,456,13,3,23,12,17395|21825|225884,Mmp9|Thbs1|Gstp3,-0.76
MyList_MCODE_ALL,GO Biological Processes,19,GO:0031349,positive regulation of defense response,19_GO:0048518 positive regulation of biological process,-2.6,10,5.1,21160,473,13,3,23,12,14134|20201|20202,Fcnb|S100a8|S100a9,-0.72
MyList_MCODE_ALL,GO Biological Processes,19,GO:0098609,cell-cell adhesion,19_GO:0009987 cellular process,-2.5,10,5,21160,488,13,3,23,12,20201|20202|21825,S100a8|S100a9|Thbs1,-0.7
MyList_MCODE_ALL,GO Biological Processes,19,GO:0006897,endocytosis,19_GO:0051179 localization,-2.5,9.8,4.9,21160,500,13,3,23,12,14134|17910|21825,Fcnb|Myo15a|Thbs1,-0.67
MyList_MCODE_ALL,GO Biological Processes,19,GO:0045088,regulation of innate immune response,19_GO:0044419 biological process involved in interspecies interaction between organisms,-2.5,9.7,4.9,21160,501,13,3,23,12,14134|20201|20202,Fcnb|S100a8|S100a9,-0.67
MyList_MCODE_ALL,GO Biological Processes,19,GO:0001819,positive regulation of cytokine production,19_GO:0048518 positive regulation of biological process,-2.4,9,4.7,21160,545,13,3,23,12,13058|14134|21825,Cybb|Fcnb|Thbs1,-0.6
MyList_MCODE_ALL,KEGG Pathway,24,mmu05200,Pathways in cancer - Mus musculus (house mouse),,-2.4,8.9,4.7,21160,548,13,3,23,12,14871|17395|225884,Gstt1|Mmp9|Gstp3,-0.59
MyList_MCODE_ALL,Reactome Gene Sets,6,R-MMU-194315,Signaling by Rho GTPases,,-2.4,8.7,4.6,21160,562,13,3,23,12,13058|20201|20202,Cybb|S100a8|S100a9,-0.57
MyList_MCODE_ALL,Reactome Gene Sets,6,R-MMU-9716542,"Signaling by Rho GTPases, Miro GTPases and RHOBTB3",,-2.3,8.5,4.5,21160,577,13,3,23,12,13058|20201|20202,Cybb|S100a8|S100a9,-0.54
MyList_MCODE_ALL,GO Biological Processes,19,GO:0002831,regulation of response to biotic stimulus,19_GO:0050896 response to stimulus,-2.3,8.1,4.4,21160,603,13,3,23,12,14134|20201|20202,Fcnb|S100a8|S100a9,-0.5
MyList_MCODE_ALL,GO Biological Processes,19,GO:0060627,regulation of vesicle-mediated transport,19_GO:0051179 localization,-2.2,7.8,4.3,21160,628,13,3,23,12,13821|14134|20971,Epb41l1|Fcnb|Sdc4,-0.46
MyList_MCODE_ALL,GO Biological Processes,19,GO:0048598,embryonic morphogenesis,19_GO:0032502 developmental process,-2.1,7.2,4.1,21160,676,13,3,23,12,17395|17910|20971,Mmp9|Myo15a|Sdc4,-0.38
MyList_MCODE_ALL,GO Biological Processes,19,GO:0098657,import into cell,19_GO:0051179 localization,-2.1,7.1,4.1,21160,683,13,3,23,12,14134|17910|21825,Fcnb|Myo15a|Thbs1,-0.38
MyList_MCODE_ALL,GO Biological Processes,19,GO:1902532,negative regulation of intracellular signal transduction,19_GO:0048519 negative regulation of biological process,-2,6.7,3.9,21160,730,13,3,23,12,17395|21825|225884,Mmp9|Thbs1|Gstp3,-0.32
MyList_MCODE_ALL,GO Biological Processes,19,GO:0043085,positive regulation of catalytic activity,19_GO:0065007 biological regulation,-2,6.7,3.9,21160,733,13,3,23,12,20201|20202|21825,S100a8|S100a9|Thbs1,-0.31
MyList_MCODE_ALL,GO Biological Processes,19,GO:0008285,negative regulation of cell population proliferation,19_GO:0048519 negative regulation of biological process,-2,6.5,3.8,21160,757,13,3,23,12,17395|20971|21825,Mmp9|Sdc4|Thbs1,-0.28
MyList_SUB1_MCODE_1,GO Biological Processes,19,GO:0070486,leukocyte aggregation,19_GO:0009987 cellular process,-8.1,6.5e+02,44,21160,14,7,3,43,19,20201|20202|21825,S100a8|S100a9|Thbs1,-4.7
MyList_SUB1_MCODE_1,Reactome Gene Sets,6,R-MMU-5668599,RHO GTPases Activate NADPH Oxidases,,-7.3,3.8e+02,34,21160,24,7,3,43,19,13058|20201|20202,Cybb|S100a8|S100a9,-4.1
MyList_SUB1_MCODE_1,Reactome Gene Sets,6,R-MMU-6798695,Neutrophil degranulation,,-6.8,30,12,21160,506,7,5,71,17,13058|14134|17395|20201|20202,Cybb|Fcnb|Mmp9|S100a8|S100a9,-3.7
MyList_SUB1_MCODE_1,GO Biological Processes,19,GO:2000116,regulation of cysteine-type endopeptidase activity,19_GO:0050789 regulation of biological process,-6.5,57,15,21160,212,7,4,57,19,17395|20201|20202|21825,Mmp9|S100a8|S100a9|Thbs1,-3.5
MyList_SUB1_MCODE_1,GO Biological Processes,19,GO:0007159,leukocyte cell-cell adhesion,19_GO:0009987 cellular process,-6.1,1.4e+02,21,21160,63,7,3,43,19,20201|20202|21825,S100a8|S100a9|Thbs1,-3.2
MyList_SUB1_MCODE_1,GO Biological Processes,19,GO:0052548,regulation of endopeptidase activity,19_GO:0050789 regulation of biological process,-5.9,42,13,21160,290,7,4,57,19,17395|20201|20202|21825,Mmp9|S100a8|S100a9|Thbs1,-3.1
MyList_SUB1_MCODE_1,GO Biological Processes,19,GO:0052547,regulation of peptidase activity,19_GO:0050789 regulation of biological process,-5.8,38,12,21160,319,7,4,57,19,17395|20201|20202|21825,Mmp9|S100a8|S100a9|Thbs1,-3
MyList_SUB1_MCODE_1,WikiPathways,27,WP4466,Oxidative stress and redox pathway,,-5.6,99,17,21160,92,7,3,43,19,13058|20201|20202,Cybb|S100a8|S100a9,-2.8
MyList_SUB1_MCODE_1,KEGG Pathway,24,mmu04657,IL-17 signaling pathway - Mus musculus (house mouse),,-5.5,98,17,21160,93,7,3,43,19,17395|20201|20202,Mmp9|S100a8|S100a9,-2.8
MyList_SUB1_MCODE_1,GO Biological Processes,19,GO:2001233,regulation of apoptotic signaling pathway,19_GO:0050896 response to stimulus,-5.3,28,10,21160,428,7,4,57,19,17395|20201|20202|21825,Mmp9|S100a8|S100a9|Thbs1,-2.6
MyList_SUB1_MCODE_1,GO Biological Processes,19,GO:0030595,leukocyte chemotaxis,19_GO:0040011 locomotion,-5,62,13,21160,146,7,3,43,19,17395|20201|20202,Mmp9|S100a8|S100a9,-2.4
MyList_SUB1_MCODE_1,GO Biological Processes,19,GO:0097529,myeloid leukocyte migration,19_GO:0002376 immune system process,-5,62,13,21160,146,7,3,43,19,17395|20201|20202,Mmp9|S100a8|S100a9,-2.4
MyList_SUB1_MCODE_1,GO Biological Processes,19,GO:2001235,positive regulation of apoptotic signaling pathway,19_GO:0048518 positive regulation of biological process,-4.8,54,13,21160,169,7,3,43,19,20201|20202|21825,S100a8|S100a9|Thbs1,-2.3
MyList_SUB1_MCODE_1,GO Biological Processes,19,GO:0006954,inflammatory response,19_GO:0050896 response to stimulus,-4.7,20,8.7,21160,599,7,4,57,19,13058|20201|20202|21825,Cybb|S100a8|S100a9|Thbs1,-2.2
MyList_SUB1_MCODE_1,GO Biological Processes,19,GO:0045766,positive regulation of angiogenesis,19_GO:0032502 developmental process,-4.7,49,12,21160,184,7,3,43,19,13058|17395|21825,Cybb|Mmp9|Thbs1,-2.2
MyList_SUB1_MCODE_1,GO Biological Processes,19,GO:1904018,positive regulation of vasculature development,19_GO:0032502 developmental process,-4.6,48,12,21160,187,7,3,43,19,13058|17395|21825,Cybb|Mmp9|Thbs1,-2.2
MyList_SUB1_MCODE_1,GO Biological Processes,19,GO:0032103,positive regulation of response to external stimulus,19_GO:0048518 positive regulation of biological process,-4.6,19,8.5,21160,621,7,4,57,19,14134|20201|20202|21825,Fcnb|S100a8|S100a9|Thbs1,-2.2
MyList_SUB1_MCODE_1,GO Biological Processes,19,GO:0051336,regulation of hydrolase activity,19_GO:0065007 biological regulation,-4.6,19,8.5,21160,621,7,4,57,19,17395|20201|20202|21825,Mmp9|S100a8|S100a9|Thbs1,-2.2
MyList_SUB1_MCODE_1,GO Biological Processes,19,GO:2001242,regulation of intrinsic apoptotic signaling pathway,19_GO:0050896 response to stimulus,-4.6,47,12,21160,194,7,3,43,19,17395|20201|20202,Mmp9|S100a8|S100a9,-2.2
MyList_SUB1_MCODE_1,GO Biological Processes,19,GO:0030162,regulation of proteolysis,19_GO:0050789 regulation of biological process,-4.5,19,8.3,21160,653,7,4,57,19,17395|20201|20202|21825,Mmp9|S100a8|S100a9|Thbs1,-2.1
MyList_SUB1_MCODE_1,KEGG Pathway,24,mmu05205,Proteoglycans in cancer - Mus musculus (house mouse),,-4.5,44,11,21160,204,7,3,43,19,17395|20971|21825,Mmp9|Sdc4|Thbs1,-2.1
MyList_SUB1_MCODE_1,GO Biological Processes,19,GO:0043065,positive regulation of apoptotic process,19_GO:0048518 positive regulation of biological process,-4.5,18,8.2,21160,660,7,4,57,19,17395|20201|20202|21825,Mmp9|S100a8|S100a9|Thbs1,-2.1
MyList_SUB1_MCODE_1,GO Biological Processes,19,GO:0043068,positive regulation of programmed cell death,19_GO:0048518 positive regulation of biological process,-4.5,18,8.1,21160,678,7,4,57,19,17395|20201|20202|21825,Mmp9|S100a8|S100a9|Thbs1,-2.1
MyList_SUB1_MCODE_1,GO Biological Processes,19,GO:0060326,cell chemotaxis,19_GO:0040011 locomotion,-4.4,41,11,21160,223,7,3,43,19,17395|20201|20202,Mmp9|S100a8|S100a9,-2.1
MyList_SUB1_MCODE_1,Reactome Gene Sets,6,R-MMU-195258,RHO GTPase Effectors,,-4.3,39,11,21160,234,7,3,43,19,13058|20201|20202,Cybb|S100a8|S100a9,-2
MyList_SUB1_MCODE_1,GO Biological Processes,19,GO:0050900,leukocyte migration,19_GO:0002376 immune system process,-4.2,36,10,21160,252,7,3,43,19,17395|20201|20202,Mmp9|S100a8|S100a9,-2
MyList_SUB1_MCODE_1,GO Biological Processes,19,GO:0045765,regulation of angiogenesis,19_GO:0032502 developmental process,-3.9,28,9,21160,320,7,3,43,19,13058|17395|21825,Cybb|Mmp9|Thbs1,-1.8
MyList_SUB1_MCODE_1,GO Biological Processes,19,GO:1901342,regulation of vasculature development,19_GO:0032502 developmental process,-3.9,28,8.9,21160,327,7,3,43,19,13058|17395|21825,Cybb|Mmp9|Thbs1,-1.7
MyList_SUB1_MCODE_1,GO Biological Processes,19,GO:0006935,chemotaxis,19_GO:0040011 locomotion,-3.9,27,8.7,21160,338,7,3,43,19,17395|20201|20202,Mmp9|S100a8|S100a9,-1.7
MyList_SUB1_MCODE_1,GO Biological Processes,19,GO:0042330,taxis,19_GO:0040011 locomotion,-3.9,27,8.7,21160,340,7,3,43,19,17395|20201|20202,Mmp9|S100a8|S100a9,-1.7
MyList_SUB1_MCODE_1,GO Biological Processes,19,GO:0040011,locomotion,19_GO:0040011 locomotion,-3.7,24,8.3,21160,373,7,3,43,19,17395|20201|20202,Mmp9|S100a8|S100a9,-1.6
MyList_SUB1_MCODE_1,GO Biological Processes,19,GO:0010038,response to metal ion,19_GO:0050896 response to stimulus,-3.7,24,8.1,21160,385,7,3,43,19,13058|17395|21825,Cybb|Mmp9|Thbs1,-1.6
MyList_SUB1_MCODE_1,GO Biological Processes,19,GO:0051047,positive regulation of secretion,19_GO:0051179 localization,-3.5,20,7.5,21160,452,7,3,43,19,20201|20202|20971,S100a8|S100a9|Sdc4,-1.4
MyList_SUB1_MCODE_1,GO Biological Processes,19,GO:0031349,positive regulation of defense response,19_GO:0048518 positive regulation of biological process,-3.4,19,7.3,21160,473,7,3,43,19,14134|20201|20202,Fcnb|S100a8|S100a9,-1.4
MyList_SUB1_MCODE_1,GO Biological Processes,19,GO:0098609,cell-cell adhesion,19_GO:0009987 cellular process,-3.4,19,7.1,21160,488,7,3,43,19,20201|20202|21825,S100a8|S100a9|Thbs1,-1.4
MyList_SUB1_MCODE_1,GO Biological Processes,19,GO:0045088,regulation of innate immune response,19_GO:0044419 biological process involved in interspecies interaction between organisms,-3.4,18,7,21160,501,7,3,43,19,14134|20201|20202,Fcnb|S100a8|S100a9,-1.3
MyList_SUB1_MCODE_1,GO Biological Processes,19,GO:0001819,positive regulation of cytokine production,19_GO:0048518 positive regulation of biological process,-3.3,17,6.7,21160,545,7,3,43,19,13058|14134|21825,Cybb|Fcnb|Thbs1,-1.3
MyList_SUB1_MCODE_1,Reactome Gene Sets,6,R-MMU-194315,Signaling by Rho GTPases,,-3.2,16,6.6,21160,562,7,3,43,19,13058|20201|20202,Cybb|S100a8|S100a9,-1.2
MyList_SUB1_MCODE_1,Reactome Gene Sets,6,R-MMU-9716542,"Signaling by Rho GTPases, Miro GTPases and RHOBTB3",,-3.2,16,6.5,21160,577,7,3,43,19,13058|20201|20202,Cybb|S100a8|S100a9,-1.2
MyList_SUB1_MCODE_1,GO Biological Processes,19,GO:0002831,regulation of response to biotic stimulus,19_GO:0050896 response to stimulus,-3.1,15,6.4,21160,603,7,3,43,19,14134|20201|20202,Fcnb|S100a8|S100a9,-1.2
MyList_SUB1_MCODE_1,GO Biological Processes,19,GO:0043085,positive regulation of catalytic activity,19_GO:0065007 biological regulation,-2.9,12,5.7,21160,733,7,3,43,19,20201|20202|21825,S100a8|S100a9|Thbs1,-0.97
MyList_SUB1_MCODE_1,GO Biological Processes,19,GO:0008285,negative regulation of cell population proliferation,19_GO:0048519 negative regulation of biological process,-2.8,12,5.6,21160,757,7,3,43,19,17395|20971|21825,Mmp9|Sdc4|Thbs1,-0.94
MyList_SUB1_MCODE_1,GO Biological Processes,19,GO:0051046,regulation of secretion,19_GO:0051179 localization,-2.8,11,5.4,21160,796,7,3,43,19,20201|20202|20971,S100a8|S100a9|Sdc4,-0.89
MyList_SUB3_MCODE_2,GO Biological Processes,19,GO:0030036,actin cytoskeleton organization,19_GO:0009987 cellular process,-4.8,40,11,21160,535,3,3,1e+02,27,13821|13823|17910,Epb41l1|Epb41l3|Myo15a,-2.3
MyList_SUB3_MCODE_2,GO Biological Processes,19,GO:0030029,actin filament-based process,19_GO:0009987 cellular process,-4.7,36,10,21160,593,3,3,1e+02,27,13821|13823|17910,Epb41l1|Epb41l3|Myo15a,-2.2
MyList_SUB4_MCODE_3,KEGG Pathway,24,mmu00982,Drug metabolism - cytochrome P450 - Mus musculus (house mouse),,-7.4,2.9e+02,30,21160,72,3,3,1e+02,27,14871|67689|225884,Gstt1|Aldh3b1|Gstp3,-4.1
MyList_SUB4_MCODE_3,KEGG Pathway,24,mmu00980,Metabolism of xenobiotics by cytochrome P450 - Mus musculus (house mouse),,-7.4,2.8e+02,29,21160,76,3,3,1e+02,27,14871|67689|225884,Gstt1|Aldh3b1|Gstp3,-4.1
